Período,Região,Instituição Hospitalar,Localização Geográfica,Grupo,Despesa,Nº Doentes,Custo Médio
2015-06,Alentejo,Unidade Local de Saúde do Baixo Alentejo - E.P.E.,38.014123--7.8721227,Grupo C,609633.83,165,615.79
2015-06,Norte,Centro Hospitalar do Tâmega e Sousa - E.P.E.,41.2494561--8.264901,Grupo C,831702.0099999999,211,656.95
2015-06,Norte,Hospital da Senhora da Oliveira Guimarães - E.P.E.,41.4387173--8.3086907,Grupo C,1208851.05,269,748.98
2015-06,Alentejo,Hospital Espírito Santo - E.P.E. - Évora,38.5684861--7.9032848,Grupo D,465055.09,140,553.64
2015-06,Algarve,Centro Hospitalar Universitário do Algarve - E.P.E.,37.0238973--7.9281554,Grupo D,5476398.54,1489,612.98
2015-06,LVT,Hospital Garcia da Orta - E.P.E.,38.6658713--9.1822554,Grupo D,4673338.180000001,1495,521.0
2015-06,Norte,Centro Hospitalar Universitário do Porto - E.P.E.,41.1472498--8.6172617,Grupo E,8816982.550000003,2381,617.18
2015-09,LVT,Centro Hospitalar de Setúbal - E.P.E.,38.5283754--8.8818638,Grupo C,6063774.37,995,677.14
2015-09,Alentejo,Hospital Espírito Santo - E.P.E. - Évora,38.5684861--7.9032848,Grupo D,682019.01,180,421.0
2015-09,LVT,Hospital Prof. Doutor Fernando Fonseca - E.P.E.,38.7422257--9.2264834,Grupo D,11291985.18,2088,600.89
2015-09,Norte,Centro Hospitalar de Vila Nova de Gaia/ Espinho - E.P.E.,41.1094138--8.5972617,Grupo D,5470935.27,1000,607.88
2015-09,Centro,Centro Hospitalar e Universitario de Coimbra - E.P.E.,40.2191523--8.4098211,Grupo E,10561286.32,1847,635.34
2015-09,LVT,Centro Hospitalar Universitário de Lisboa Norte - E.P.E.,38.7500861--9.1616116,Grupo E,20307031.67,3518,641.37
2015-09,Norte,Centro Hospitalar Universitário do Porto - E.P.E.,41.1472498--8.6172617,Grupo E,13329231.17,2465,600.82
2015-12,LVT,Centro Hospitalar do Oeste - E.P.E.,39.4054629--9.1258493,Grupo B,2030510.84,331,511.2061530715005
2015-12,Norte,Hospital da Senhora da Oliveira Guimarães - E.P.E.,41.4387173--8.3086907,Grupo C,2311562.87,290,664.2422040229885
2015-12,Alentejo,Hospital Espírito Santo - E.P.E. - Évora,38.5684861--7.9032848,Grupo D,846110.95,180,391.7180324074074
2015-12,Centro,Centro Hospitalar Tondela-Viseu - E.P.E..,40.516364--8.0827433,Grupo D,1299069.0699999996,207,522.9746658615135
2015-12,LVT,Hospital Prof. Doutor Fernando Fonseca - E.P.E.,38.7422257--9.2264834,Grupo D,14930655.239999996,2579,482.44329972857685
2015-12,LVT,Centro Hospitalar Universitário Lisboa Central - E.P.E.,38.7166948--9.1371248,Grupo E,38228288.85,5159,617.5015967241713
2015-12,LVT,Centro Hospitalar de Lisboa Ocidental - E.P.E.,38.708454--9.216985,Grupo E,17099967.130000003,2279,625.2730411730292
2016-06,LVT,Centro Hospitalar do Oeste - E.P.E.,39.4054629--9.1258493,Grupo B,1119644.34,325,574.18
2016-06,Alentejo,Unidade Local de Saúde do Norte Alentejano - E.P.E.,39.3003425--7.4263845,Grupo C,543049.55,120,754.24
2016-06,Norte,Centro Hospitalar do Tâmega e Sousa - E.P.E.,41.2494561--8.264901,Grupo C,1106825.06,236,781.66
2016-06,Norte,Unidade Local de Saúde de Matosinhos - E.P.E.,41.1794456--8.6745115,Grupo C,3011557.8799999994,755,664.8
2016-06,LVT,Hospital Garcia da Orta - E.P.E.,38.6658713--9.1822554,Grupo D,4803600.140000003,1569,510.26
2016-06,Norte,Centro Hospitalar de Trás os Montes e Alto Douro - E.P.E.,41.3031784--7.7515252,Grupo D,808211.3700000001,223,604.04
2016-06,LVT,Centro Hospitalar de Lisboa Ocidental - E.P.E.,38.708454--9.216985,Grupo E,10810446.43,2300,783.37
2016-09,Alentejo,Unidade Local de Saúde do Baixo Alentejo - E.P.E.,38.014123--7.8721227,Grupo C,1131990.85,174,722.85
2016-09,Alentejo,Unidade Local de Saúde do Norte Alentejano - E.P.E.,39.3003425--7.4263845,Grupo C,777206.5,127,679.97
2016-09,LVT,Hospital Distrital de Santarém - E.P.E.,39.2410946--8.6937515,Grupo C,4081453.52,647,700.92
2016-09,Norte,Centro Hospitalar de Trás os Montes e Alto Douro - E.P.E.,41.3031784--7.7515252,Grupo D,1225382.81,231,589.41
2016-09,LVT,Centro Hospitalar Universitário Lisboa Central - E.P.E.,38.7166948--9.1371248,Grupo E,29936841.13,5122,649.42
2016-12,Centro,Centro Hospitalar Universitário Cova da Beira- E.P.E,40.2804158--7.4922407,Grupo C,878598.9,128,572.0044921875
2016-12,Centro,Centro Hospitalar do Baixo Vouga - E.P.E.,40.6362453--8.6543716,Grupo C,3330976.06,549,505.6126381299332
2016-12,LVT,Hospital Distrital de Santarém - E.P.E.,39.2410946--8.6937515,Grupo C,5154006.069999999,647,663.8338575476558
2016-12,Norte,Centro Hospitalar do Tâmega e Sousa - E.P.E.,41.2494561--8.264901,Grupo C,2112022.4499999997,256,687.5073079427083
2016-12,Centro,Centro Hospitalar Tondela-Viseu - E.P.E..,40.516364--8.0827433,Grupo D,1509610.6600000004,218,577.0682951070338
2016-12,LVT,Hospital Prof. Doutor Fernando Fonseca - E.P.E.,38.7422257--9.2264834,Grupo D,16679678.099999998,2355,590.2221549893842
2016-12,Norte,Centro Hospitalar de Vila Nova de Gaia/ Espinho - E.P.E.,41.1094138--8.5972617,Grupo D,8059701.86,1145,586.5867438136827
2016-12,Norte,Centro Hospitalar Universitário do Porto - E.P.E.,41.1472498--8.6172617,Grupo E,16725403.0,2695,517.1738713667286
2017-03,Norte,Centro Hospitalar de Trás os Montes e Alto Douro - E.P.E.,41.3031784--7.7515252,Grupo D,426319.97,221,643.0165460030165
2017-03,Norte,Centro Hospitalar de Vila Nova de Gaia/ Espinho - E.P.E.,41.1094138--8.5972617,Grupo D,1993175.9399999995,1096,606.1970620437954
2017-03,Norte,Centro Hospitalar do Médio Ave - E.P.E.,41.3423984--8.4802503,Grupo B,61353.829999999994,31,659.7186021505375
2017-03,Alentejo,Unidade Local de Saúde do Norte Alentejano - E.P.E.,39.3003425--7.4263845,Grupo C,183034.03000000006,109,559.7370948012234
2017-06,LVT,Centro Hospitalar Barreiro Montijo - E.P.E.,38.6554005--9.0592392,Grupo C,2364426.56,676,582.9454043392506
2017-06,LVT,Centro Hospitalar de Lisboa Ocidental - E.P.E.,38.708454--9.216985,Grupo E,10271574.72,2397,714.1965456821026
2017-06,Norte,Centro Hospitalar Universitário de São João - E.P.E.,41.1831056--8.6010558,Grupo E,8644978.64,2219,649.314904611687
2017-06,Norte,Centro Hospitalar do Médio Ave - E.P.E.,41.3423984--8.4802503,Grupo B,113738.46,32,592.3878125
2017-06,Norte,Centro Hospitalar do Tâmega e Sousa - E.P.E.,41.2494561--8.264901,Grupo C,1075778.3,253,708.6813570487484
2017-06,LVT,Hospital Distrital de Santarém - E.P.E.,39.2410946--8.6937515,Grupo C,2503290.25,685,644.8455048943844
2017-12,Alentejo,Hospital Espírito Santo - E.P.E. - Évora,38.5684861--7.9032848,Grupo D,938977.6499999999,,
2017-12,LVT,Centro Hospitalar de Lisboa Ocidental - E.P.E.,38.708454--9.216985,Grupo E,18131501.409999993,2520,599.5866868386241
2017-12,LVT,Centro Hospitalar do Oeste - E.P.E.,39.4054629--9.1258493,Grupo B,2302388.96,400,479.66436666666664
2018-03,LVT,Centro Hospitalar de Lisboa Ocidental - E.P.E.,38.708454--9.216985,Grupo E,4784390.84,2361,675.475199774107
2018-03,Norte,Centro Hospitalar de Vila Nova de Gaia/ Espinho - E.P.E.,41.1094138--8.5972617,Grupo D,1714642.53,1135,503.5660881057269
2018-03,Norte,Centro Hospitalar Universitário de São João - E.P.E.,41.1831056--8.6010558,Grupo E,3975774.99,2123,624.2384974093264
2018-03,Alentejo,Hospital Espírito Santo - E.P.E. - Évora,38.5684861--7.9032848,Grupo D,254630.32,,
2018-03,LVT,Hospital Prof. Doutor Fernando Fonseca - E.P.E.,38.7422257--9.2264834,Grupo D,4049463.81,2428,555.9395675453048
2018-06,LVT,Centro Hospitalar Barreiro Montijo - E.P.E.,38.6554005--9.0592392,Grupo C,2345488.1,714,547.4995564892623
2018-06,Centro,Centro Hospitalar Universitário Cova da Beira- E.P.E,40.2804158--7.4922407,Grupo C,521478.10000000003,149,583.308836689038
2018-06,LVT,Centro Hospitalar de Setúbal - E.P.E.,38.5283754--8.8818638,Grupo C,3955508.29,1096,601.5067350973236
2018-06,Norte,Centro Hospitalar de Vila Nova de Gaia/ Espinho - E.P.E.,41.1094138--8.5972617,Grupo D,3350447.9400000004,1196,466.89631270903016
2018-06,Norte,Centro Hospitalar do Tâmega e Sousa - E.P.E.,41.2494561--8.264901,Grupo C,1044027.81,261,666.6844252873564
2018-06,Alentejo,Hospital Espírito Santo - E.P.E. - Évora,38.5684861--7.9032848,Grupo D,483937.86,,
2016-09,Centro,Centro Hospitalar Universitário Cova da Beira- E.P.E,40.2804158--7.4922407,Grupo C,754270.0000000002,126,665.141093474427
2016-09,LVT,Centro Hospitalar de Lisboa Ocidental - E.P.E.,38.708454--9.216985,Grupo E,15586186.730000002,2370,730.7166774496015
2016-09,Norte,Centro Hospitalar Universitário de São João - E.P.E.,41.1831056--8.6010558,Grupo E,10802427.240000002,2221,540.4185922257243
2016-09,LVT,Centro Hospitalar de Setúbal - E.P.E.,38.5283754--8.8818638,Grupo C,6831296.250000001,1042,728.4384996801024
2016-09,LVT,Centro Hospitalar Universitário de Lisboa Norte - E.P.E.,38.7500861--9.1616116,Grupo E,21678620.47,3712,648.9050667504789
2016-09,Centro,Centro Hospitalar Tondela-Viseu - E.P.E..,40.516364--8.0827433,Grupo D,1265288.2799999998,215,653.8957519379844
2016-09,Norte,Unidade Local de Saúde de Matosinhos - E.P.E.,41.1794456--8.6745115,Grupo C,4452735.960000001,771,641.6970687418939
2017-09,LVT,Centro Hospitalar Barreiro Montijo - E.P.E.,38.6554005--9.0592392,Grupo C,3563109.5399999996,694,570.4626224783862
2017-09,LVT,Centro Hospitalar Universitário Lisboa Central - E.P.E.,38.7166948--9.1371248,Grupo E,30197077.299999997,5454,615.1871674204457
2017-09,LVT,Centro Hospitalar de Setúbal - E.P.E.,38.5283754--8.8818638,Grupo C,6134435.17,1097,621.3344647017117
2017-09,Norte,Centro Hospitalar de Trás os Montes e Alto Douro - E.P.E.,41.3031784--7.7515252,Grupo D,1222015.3900000004,246,551.9491373080399
2017-09,LVT,Hospital Prof. Doutor Fernando Fonseca - E.P.E.,38.7422257--9.2264834,Grupo D,11482318.93,2369,538.5450461985835
2017-09,Alentejo,Unidade Local de Saúde do Baixo Alentejo - E.P.E.,38.014123--7.8721227,Grupo C,950328.4599999997,175,603.383149206349
2018-09,Norte,Unidade Local de Saúde do Alto Minho - E.P.E.,41.7056054--8.8252713,Grupo C,1125098.33,208,601.0140651709403
2018-09,Norte,Centro Hospitalar de Trás os Montes e Alto Douro - E.P.E.,41.3031784--7.7515252,Grupo D,1412201.23,265,592.1179161425576
2018-09,Norte,Centro Hospitalar de Vila Nova de Gaia/ Espinho - E.P.E.,41.1094138--8.5972617,Grupo D,5095923.07,1220,464.10956921675773
2018-09,Norte,Centro Hospitalar Universitário de São João - E.P.E.,41.1831056--8.6010558,Grupo E,12526518.290000001,2412,577.0461714575272
2018-12,Alentejo,Hospital Espírito Santo - E.P.E. - Évora,38.5684861--7.9032848,Grupo D,839664.4600000001,136,514.5002818627452
2018-12,Alentejo,Unidade Local de Saúde do Baixo Alentejo - E.P.E.,38.014123--7.8721227,Grupo C,1226420.1500000001,179,570.9591014897579
2018-12,Algarve,Centro Hospitalar Universitário do Algarve - E.P.E.,37.0238973--7.9281554,Grupo D,9488683.250000002,1862,424.66358977801656
2018-12,Centro,Centro Hospitalar Universitário Cova da Beira- E.P.E,40.2804158--7.4922407,Grupo C,970336.7600000001,157,515.0407430997877
2018-12,LVT,Centro Hospitalar de Lisboa Ocidental - E.P.E.,38.708454--9.216985,Grupo E,16504066.3,2715,506.5704818907305
2018-12,LVT,Centro Hospitalar Universitário de Lisboa Norte - E.P.E.,38.7500861--9.1616116,Grupo E,23847034.560000002,4338,458.1034762563393
2018-12,Norte,Centro Hospitalar de Trás os Montes e Alto Douro - E.P.E.,41.3031784--7.7515252,Grupo D,1568233.2699999998,273,478.70368437118435
2018-12,Norte,Centro Hospitalar do Tâmega e Sousa - E.P.E.,41.2494561--8.264901,Grupo C,1704938.1099999999,289,491.61998558246825
2019-03,Norte,Centro Hospitalar de Trás os Montes e Alto Douro - E.P.E.,41.3031784--7.7515252,Grupo D,251069.1,234,357.64829059829066
2019-03,LVT,Centro Hospitalar Universitário Lisboa Central - E.P.E.,38.7166948--9.1371248,Grupo E,8528023.94,,
2019-03,Norte,Hospital da Senhora da Oliveira Guimarães - E.P.E.,41.4387173--8.3086907,Grupo C,567119.28,313,603.9608945686902
2019-03,LVT,Hospital Distrital de Santarém - E.P.E.,39.2410946--8.6937515,Grupo C,1111905.97,,
2019-03,Norte,Unidade Local de Saúde de Matosinhos - E.P.E.,41.1794456--8.6745115,Grupo C,1129831.12,790,476.7219915611815
2019-06,Alentejo,Unidade Local de Saúde do Baixo Alentejo - E.P.E.,38.014123--7.8721227,Grupo C,573578.6699999999,181,528.1571546961326
2019-06,LVT,Centro Hospitalar do Oeste - E.P.E.,39.4054629--9.1258493,Grupo B,1072315.2100000002,401,445.68379467996687
2019-06,LVT,Centro Hospitalar Universitário Lisboa Central - E.P.E.,38.7166948--9.1371248,Grupo E,16604124.190000001,5535,499.9736281240591
2019-06,LVT,Hospital Distrital de Santarém - E.P.E.,39.2410946--8.6937515,Grupo C,2173412.5100000002,,
2019-06,LVT,Hospital Prof. Doutor Fernando Fonseca - E.P.E.,38.7422257--9.2264834,Grupo D,7125282.94,2579,460.4680716039809
2019-06,Norte,Centro Hospitalar Universitário de São João - E.P.E.,41.1831056--8.6010558,Grupo E,7195841.96,2443,490.91567471687813
2019-06,Norte,Centro Hospitalar Universitário do Porto - E.P.E.,41.1472498--8.6172617,Grupo E,6974145.2299999995,2955,393.35280485053573
2019-09,LVT,Centro Hospitalar de Setubal - E.P.E.,38.5283754--8.8818638,Grupo C,5493798.66,1188,513.8232940516274
2019-09,Norte,Centro Hospitalar Universitário de São João - E.P.E.,41.1831056--8.6010558,Grupo E,10944948.6,2548,477.2784144427001
2019-09,LVT,Hospital Distrital de Santarém - E.P.E.,39.2410946--8.6937515,Grupo C,3214744.63,774,461.49075940281364
2020-03,Norte,Unidade Local de Saúde do Alto Minho - E.P.E.,41.7056054--8.8252713,Grupo C,362945.28,224,540.0971428571429
2020-03,Norte,Centro Hospitalar Universitário do Porto - E.P.E.,41.1472498--8.6172617,Grupo E,3754050.31,2748,455.36757763221743
2020-03,Norte,Hospital da Senhora da Oliveira Guimarães - E.P.E.,41.4387173--8.3086907,Grupo C,584545.22,328,594.0500203252033
2020-03,Centro,Centro Hospitalar Universitário Cova da Beira - E.P.E.,40.2804158--7.4922407,Grupo C,171553.34,174,328.64624521072795
2020-03,LVT,Hospital Garcia da Orta - E.P.E.,38.6658713--9.1822554,Grupo D,2115410.55,1829,385.5313559322033
2020-03,LVT,Hospital Prof. Doutor Fernando Fonseca - E.P.E.,38.7422257--9.2264834,Grupo D,4522427.89,2605,578.68559053103
2020-03,LVT,Centro Hospitalar Universitário Lisboa Central - E.P.E.,38.7166948--9.1371248,Grupo E,8914284.37,,
2019-12,Norte,Unidade Local de Saúde do Alto Minho - E.P.E.,41.7056054--8.8252713,Grupo C,1447080.77,257,469.22203955901426
2019-12,Norte,Centro Hospitalar de Tras os Montes e Alto Douro - E.P.E.,41.3031784--7.7515252,Grupo D,938768.87,288,271.63451099537036
2019-12,Norte,Centro Hospitalar Universitário do Porto - E.P.E.,41.1472498--8.6172617,Grupo E,12799764.36,3128,340.9996898976982
2019-12,Centro,Centro Hospitalar Universitário Cova da Beira - E.P.E.,40.2804158--7.4922407,Grupo C,654441.93,162,336.64708333333334
2019-12,LVT,Centro Hospitalar de Lisboa Ocidental - E.P.E.,38.708454--9.216985,Grupo E,14284827.75,2863,415.7884430667132
2020-06,LVT,Centro Hospitalar Barreiro Montijo - E.P.E.,38.6554005--9.0592392,Grupo C,2491074.3,841,493.67306777645655
2020-06,Norte,Centro Hospitalar de Vila Nova de Gaia/ Espinho - E.P.E.,41.1094138--8.5972617,Grupo D,3396196.16,1272,444.99425576519917
2020-06,LVT,Centro Hospitalar do Oeste - E.P.E.,39.4054629--9.1258493,Grupo B,1092444.27,427,426.40291569086656
2020-06,Centro,Centro Hospitalar e Universitário de Coimbra - E.P.E.,40.2191523--8.4098211,Grupo E,5887810.07,3283,298.9039531932176
2020-06,Norte,Centro Hospitalar Universitário de São João - E.P.E.,41.1831056--8.6010558,Grupo E,7071568.57,2609,451.7419554107576
2020-06,Norte,Centro Hospitalar Universitário do Porto - E.P.E.,41.1472498--8.6172617,Grupo E,7076251.86,3016,391.0395590185677
2020-09,Centro,Centro Hospitalar do Baixo Vouga - E.P.E.,40.6362453--8.6543716,Grupo C,2510151.4299999997,681,409.5531783325175
2020-09,Norte,Centro Hospitalar do Tâmega e Sousa - E.P.E.,41.2494561--8.264901,Grupo C,1218572.49,328,412.7955589430894
2020-09,LVT,Centro Hospitalar Universitário de Lisboa Norte - E.P.E.,38.7500861--9.1616116,Grupo E,16122176.330000002,4511,397.1077201408902
2020-09,Norte,Centro Hospitalar Universitário de São João - E.P.E.,41.1831056--8.6010558,Grupo E,10605681.73,2732,431.3356812266146
2020-09,Norte,Centro Hospitalar Universitário do Porto - E.P.E.,41.1472498--8.6172617,Grupo E,10933719.399999999,3106,391.1325534807183
2020-09,LVT,Centro Hospitalar Universitário Lisboa Central - E.P.E.,38.7166948--9.1371248,Grupo E,24921341.259999998,6018,460.125941804217
2020-09,Norte,Hospital da Senhora da Oliveira Guimarães - E.P.E.,41.4387173--8.3086907,Grupo C,1620779.3,345,521.9901127214171
2020-09,LVT,Hospital Prof. Doutor Fernando Fonseca - E.P.E.,38.7422257--9.2264834,Grupo D,11481245.91,2867,444.95779211719565
2020-09,Norte,Unidade Local de Saúde de Matosinhos - E.P.E.,41.1794456--8.6745115,Grupo C,3473409.0700000003,872,442.585253567788
2020-09,Alentejo,Unidade Local de Saúde do Norte Alentejano - E.P.E.,39.3003425--7.4263845,Grupo C,203575.15999999997,126,179.5195414462081
2020-12,Centro,Centro Hospitalar Universitário Cova da Beira - E.P.E.,40.2804158--7.4922407,Grupo C,668070.56,202,275.6066666666667
2020-12,LVT,Hospital Distrital de Santarém - E.P.E.,39.2410946--8.6937515,Grupo C,4625739.4,852,452.439299687011
2020-12,LVT,Centro Hospitalar Barreiro Montijo - E.P.E.,38.6554005--9.0592392,Grupo C,5073662.26,894,472.93645227442204
2020-12,LVT,Centro Hospitalar do Oeste - E.P.E.,39.4054629--9.1258493,Grupo B,2117826.54,460,383.66422826086955
2021-06,LVT,Centro Hospitalar Universitário Lisboa Central - E.P.E.,38.7166948--9.1371248,Grupo E,17751759.83,5706,518.5115033882463
2021-06,Algarve,Centro Hospitalar Universitário do Algarve - E.P.E.,37.0238973--7.9281554,Grupo D,3447897.3,1941,296.0585007727975
2021-06,Centro,Centro Hospitalar Tondela-Viseu - E.P.E..,40.516364--8.0827433,Grupo D,921292.2599999998,315,487.4562222222221
2021-06,Norte,Centro Hospitalar Universitário do Porto - E.P.E.,41.1472498--8.6172617,Grupo E,7555165.8100000005,3028,415.85016567591373
2021-06,LVT,Centro Hospitalar de Setúbal - E.P.E.,38.5283754--8.8818638,Grupo C,3634514.2500000005,1227,493.6857171964141
2021-06,Norte,Unidade Local de Saúde de Matosinhos - E.P.E.,41.1794456--8.6745115,Grupo C,2377341.329999999,874,453.34502860411885
2022-03,LVT,Centro Hospitalar de Lisboa Ocidental - E.P.E.,38.708454--9.216985,Grupo E,3789831.33,2591,487.56353145503664
2022-03,Norte,Centro Hospitalar Universitário de São João - E.P.E.,41.1831056--8.6010558,Grupo E,3243843.94,2499,432.68559957316256
2022-03,LVT,Centro Hospitalar de Setúbal - E.P.E.,38.5283754--8.8818638,Grupo C,1792497.01,1075,555.8130263565891
2022-03,LVT,Centro Hospitalar Universitário de Lisboa Norte - E.P.E.,38.7500861--9.1616116,Grupo E,5194065.49,3725,464.7933324384788
2022-03,Centro,Centro Hospitalar Tondela-Viseu - E.P.E..,40.516364--8.0827433,Grupo D,333203.44,315,352.59623280423284
2022-03,LVT,Centro Hospitalar Universitário Lisboa Central - E.P.E.,38.7166948--9.1371248,Grupo E,8433062.0,5219,538.61288880373
2015-06,Alentejo,Unidade Local de Saúde do Norte Alentejano - E.P.E.,39.3003425--7.4263845,Grupo C,446583.13,135,551.34
2015-06,LVT,Centro Hospitalar de Setúbal - E.P.E.,38.5283754--8.8818638,Grupo C,4006220.69,955,699.17
2015-06,LVT,Centro Hospitalar Universitário de Lisboa Norte - E.P.E.,38.7500861--9.1616116,Grupo E,13418016.11,3460,646.34
2015-09,LVT,Centro Hospitalar do Oeste - E.P.E.,39.4054629--9.1258493,Grupo B,1505782.07,299,559.56
2015-09,Norte,Unidade Local de Saúde de Matosinhos - E.P.E.,41.1794456--8.6745115,Grupo C,3803957.06,722,585.4
2015-09,LVT,Centro Hospitalar Universitário Lisboa Central - E.P.E.,38.7166948--9.1371248,Grupo E,29014130.19,4954,650.75
2015-12,Centro,Centro Hospitalar Universitário Cova da Beira- E.P.E,40.2804158--7.4922407,Grupo C,857025.6000000001,131,545.181679389313
2015-12,LVT,Centro Hospitalar de Setúbal - E.P.E.,38.5283754--8.8818638,Grupo C,7947162.23,1022,648.0073573059361
2015-12,Algarve,Centro Hospitalar Universitário do Algarve - E.P.E.,37.0238973--7.9281554,Grupo D,10742316.01,1630,549.1981600204499
2015-12,LVT,Hospital Garcia da Orta - E.P.E.,38.6658713--9.1822554,Grupo D,8871869.720000003,1596,463.2346345029241
2015-12,Norte,Centro Hospitalar Universitário de São João - E.P.E.,41.1831056--8.6010558,Grupo E,13781529.89,2157,532.4343181115747
2015-12,Norte,Centro Hospitalar Universitário do Porto - E.P.E.,41.1472498--8.6172617,Grupo E,14880619.380000003,2562,484.0170238095239
2016-06,Centro,Centro Hospitalar Universitário Cova da Beira- E.P.E,40.2804158--7.4922407,Grupo C,520588.70000000007,120,723.04
2016-06,Centro,Centro Hospitalar Tondela-Viseu - E.P.E..,40.516364--8.0827433,Grupo D,851275.7100000001,201,705.87
2016-06,LVT,Centro Hospitalar Universitário Lisboa Central - E.P.E.,38.7166948--9.1371248,Grupo E,19652746.04,4935,663.72
2016-06,LVT,Centro Hospitalar Universitário de Lisboa Norte - E.P.E.,38.7500861--9.1616116,Grupo E,14264420.59,3565,666.87
2016-06,Norte,Centro Hospitalar Universitário do Porto - E.P.E.,41.1472498--8.6172617,Grupo E,9736019.120000001,2538,639.35
2016-09,LVT,Centro Hospitalar do Oeste - E.P.E.,39.4054629--9.1258493,Grupo B,1696424.35,348,541.64
2016-09,Norte,Centro Hospitalar do Médio Ave - E.P.E.,41.3423984--8.4802503,Grupo B,209372.98,32,726.99
2016-09,Centro,Centro Hospitalar do Baixo Vouga - E.P.E.,40.6362453--8.6543716,Grupo C,3067574.25,518,658.0
2016-09,LVT,Centro Hospitalar de Setúbal - E.P.E.,38.5283754--8.8818638,Grupo C,6831296.25,1042,728.44
2016-09,Norte,Unidade Local de Saúde de Matosinhos - E.P.E.,41.1794456--8.6745115,Grupo C,4452735.96,771,641.7
2016-09,Alentejo,Hospital Espírito Santo - E.P.E. - Évora,38.5684861--7.9032848,Grupo D,737922.43,153,535.89
2016-09,LVT,Hospital Garcia da Orta - E.P.E.,38.6658713--9.1822554,Grupo D,7495864.69,1640,507.85
2016-09,LVT,Hospital Prof. Doutor Fernando Fonseca - E.P.E.,38.7422257--9.2264834,Grupo D,12862852.91,2279,627.12
2016-12,Norte,Centro Hospitalar do Médio Ave - E.P.E.,41.3423984--8.4802503,Grupo B,190322.7,32,495.63203125
2016-12,Alentejo,Unidade Local de Saúde do Norte Alentejano - E.P.E.,39.3003425--7.4263845,Grupo C,946200.2700000001,132,597.3486553030303
2016-12,Norte,Hospital da Senhora da Oliveira Guimarães - E.P.E.,41.4387173--8.3086907,Grupo C,2065468.2300000004,300,573.7411750000001
2016-12,LVT,Hospital Garcia da Orta - E.P.E.,38.6658713--9.1822554,Grupo D,9723679.479999999,1696,477.7751316823899
2016-12,Norte,Centro Hospitalar de Trás os Montes e Alto Douro - E.P.E.,41.3031784--7.7515252,Grupo D,1434725.5,239,500.2529637377964
2017-03,LVT,Centro Hospitalar de Lisboa Ocidental - E.P.E.,38.708454--9.216985,Grupo E,5763725.969999997,2308,832.4272053726166
2017-03,Norte,Centro Hospitalar do Tâmega e Sousa - E.P.E.,41.2494561--8.264901,Grupo C,563519.43,236,795.9313983050848
2017-03,Norte,Unidade Local de Saúde de Matosinhos - E.P.E.,41.1794456--8.6745115,Grupo C,1528590.8000000003,737,691.3572139303484
2017-03,Norte,Unidade Local de Saúde do Alto Minho - E.P.E.,41.7056054--8.8252713,Grupo C,418983.93000000005,193,723.6337305699482
2017-06,LVT,Centro Hospitalar do Oeste - E.P.E.,39.4054629--9.1258493,Grupo B,1122283.1,369,506.902935862692
2017-12,Centro,Centro Hospitalar Tondela-Viseu - E.P.E..,40.516364--8.0827433,Grupo D,1590078.1199999999,251,527.9143824701194
2017-12,LVT,Centro Hospitalar Barreiro Montijo - E.P.E.,38.6554005--9.0592392,Grupo C,4625465.909999999,725,531.662748275862
2017-12,LVT,Centro Hospitalar Universitário de Lisboa Norte - E.P.E.,38.7500861--9.1616116,Grupo E,26249069.5,4039,541.575255838904
2017-12,Norte,Centro Hospitalar Universitário de São João - E.P.E.,41.1831056--8.6010558,Grupo E,13287122.14,2346,471.97791062801934
2017-12,Norte,Centro Hospitalar Universitário do Porto - E.P.E.,41.1472498--8.6172617,Grupo E,17346581.86,2909,496.9228217027615
2018-03,Norte,Centro Hospitalar de Trás os Montes e Alto Douro - E.P.E.,41.3031784--7.7515252,Grupo D,458263.42,221,691.1967119155355
2018-03,Centro,Centro Hospitalar do Baixo Vouga - E.P.E.,40.6362453--8.6543716,Grupo C,908789.56,531,570.4893659761457
2018-03,Norte,Centro Hospitalar do Médio Ave - E.P.E.,41.3423984--8.4802503,Grupo B,38171.53,29,438.75321839080453
2018-03,LVT,Centro Hospitalar do Oeste - E.P.E.,39.4054629--9.1258493,Grupo B,538433.79,376,477.334920212766
2018-03,Norte,Centro Hospitalar do Tâmega e Sousa - E.P.E.,41.2494561--8.264901,Grupo C,528732.96,233,756.4133905579398
2018-03,Norte,Hospital da Senhora da Oliveira Guimarães - E.P.E.,41.4387173--8.3086907,Grupo C,762024.09,314,808.942770700637
2018-03,LVT,Hospital Garcia da Orta - E.P.E.,38.6658713--9.1822554,Grupo D,2300418.8,1657,462.7678133172399
2018-03,Norte,Unidade Local de Saúde de Matosinhos - E.P.E.,41.1794456--8.6745115,Grupo C,1261854.55,737,570.7166666666667
2018-06,Norte,Centro Hospitalar de Trás os Montes e Alto Douro - E.P.E.,41.3031784--7.7515252,Grupo D,893090.67,257,579.1768287937743
2018-06,Norte,Centro Hospitalar Universitário do Porto - E.P.E.,41.1472498--8.6172617,Grupo E,8930079.19,2851,522.0436799953233
2018-06,Centro,Centro Hospitalar e Universitario de Coimbra - E.P.E.,40.2191523--8.4098211,Grupo E,7385842.83,2209,557.2538727931191
2018-06,Norte,Hospital da Senhora da Oliveira Guimarães - E.P.E.,41.4387173--8.3086907,Grupo C,1380525.44,327,703.6317227319063
2018-06,LVT,Hospital Distrital de Santarém - E.P.E.,39.2410946--8.6937515,Grupo C,2304590.21,,
2018-06,LVT,Hospital Prof. Doutor Fernando Fonseca - E.P.E.,38.7422257--9.2264834,Grupo D,7962045.64,2428,546.543495332235
2018-06,Norte,Unidade Local de Saúde de Matosinhos - E.P.E.,41.1794456--8.6745115,Grupo C,2520009.4099999997,822,510.95081305758305
2018-06,Norte,Unidade Local de Saúde do Alto Minho - E.P.E.,41.7056054--8.8252713,Grupo C,754683.44,203,619.6087356321839
2016-09,Algarve,Centro Hospitalar Universitário do Algarve - E.P.E.,37.0238973--7.9281554,Grupo D,8607648.389999999,1641,582.8186329473897
2016-09,LVT,Centro Hospitalar do Oeste - E.P.E.,39.4054629--9.1258493,Grupo B,1696424.35,348,541.6425127713921
2016-09,Norte,Hospital da Senhora da Oliveira Guimarães - E.P.E.,41.4387173--8.3086907,Grupo C,1787997.2,292,680.3642313546422
2016-09,Alentejo,Hospital Espírito Santo - E.P.E. - Évora,38.5684861--7.9032848,Grupo D,737922.4299999999,153,535.8913798111837
2016-09,LVT,Hospital Prof. Doutor Fernando Fonseca - E.P.E.,38.7422257--9.2264834,Grupo D,12862852.91,2279,627.1197362390913
2016-09,Alentejo,Unidade Local de Saúde do Baixo Alentejo - E.P.E.,38.014123--7.8721227,Grupo C,1131990.8499999999,174,722.8549489144316
2017-09,Norte,Centro Hospitalar de Vila Nova de Gaia/ Espinho - E.P.E.,41.1094138--8.5972617,Grupo D,5551029.900000001,1169,527.6142857142859
2017-09,Centro,Centro Hospitalar Tondela-Viseu - E.P.E..,40.516364--8.0827433,Grupo D,1223373.6199999999,236,575.9762806026365
2017-09,LVT,Hospital Distrital de Santarém - E.P.E.,39.2410946--8.6937515,Grupo C,3706212.7500000005,685,601.1699513381996
2017-09,Norte,Unidade Local de Saúde do Alto Minho - E.P.E.,41.7056054--8.8252713,Grupo C,1144944.6400000001,216,588.9632921810701
2018-09,Alentejo,Unidade Local de Saúde do Baixo Alentejo - E.P.E.,38.014123--7.8721227,Grupo C,918611.76,170,600.399843137255
2018-09,Alentejo,Hospital Espírito Santo - E.P.E. - Évora,38.5684861--7.9032848,Grupo D,683268.74,,
2018-09,Algarve,Centro Hospitalar Universitário do Algarve - E.P.E.,37.0238973--7.9281554,Grupo D,8565451.06,1803,527.8517939237074
2018-09,LVT,Centro Hospitalar Barreiro Montijo - E.P.E.,38.6554005--9.0592392,Grupo C,3528275.42,749,523.4053434208574
2018-09,LVT,Centro Hospitalar de Setúbal - E.P.E.,38.5283754--8.8818638,Grupo C,5809800.489999999,1221,528.6923732823732
2018-09,LVT,Hospital Distrital de Santarém - E.P.E.,39.2410946--8.6937515,Grupo C,3514503.98,,
2018-09,LVT,Hospital Garcia da Orta - E.P.E.,38.6658713--9.1822554,Grupo D,6763744.399999999,1761,426.76158748186003
2018-09,LVT,Hospital Prof. Doutor Fernando Fonseca - E.P.E.,38.7422257--9.2264834,Grupo D,11558225.689999998,2543,505.01270109669235
2018-09,LVT,Centro Hospitalar Universitário Lisboa Central - E.P.E.,38.7166948--9.1371248,Grupo E,28798443.59,5673,564.044961317743
2018-09,Norte,Unidade Local de Saúde de Matosinhos - E.P.E.,41.1794456--8.6745115,Grupo C,3799705.5799999996,845,499.6325548980933
2018-12,Centro,Centro Hospitalar e Universitario de Coimbra - E.P.E.,40.2191523--8.4098211,Grupo E,14293392.73,2382,500.04872411139104
2018-12,Centro,Centro Hospitalar Tondela-Viseu - E.P.E..,40.516364--8.0827433,Grupo D,1545817.9000000001,264,487.9475694444445
2018-12,LVT,Centro Hospitalar Barreiro Montijo - E.P.E.,38.6554005--9.0592392,Grupo C,4774130.87,779,510.7114751818571
2018-12,LVT,Hospital Garcia da Orta - E.P.E.,38.6658713--9.1822554,Grupo D,8676992.83,1826,395.99273594377513
2018-12,LVT,Hospital Prof. Doutor Fernando Fonseca - E.P.E.,38.7422257--9.2264834,Grupo D,14836323.159999996,2626,470.8150279258694
2018-12,Norte,Centro Hospitalar Universitário de São João - E.P.E.,41.1831056--8.6010558,Grupo E,13089681.690000001,2479,440.0188816054861
2018-12,Norte,Unidade Local de Saúde de Matosinhos - E.P.E.,41.1794456--8.6745115,Grupo C,4877396.949999999,867,468.80016820453665
2018-12,Norte,Unidade Local de Saúde do Alto Minho - E.P.E.,41.7056054--8.8252713,Grupo C,1503855.23,238,526.5599544817927
2019-03,LVT,Centro Hospitalar Barreiro Montijo - E.P.E.,38.6554005--9.0592392,Grupo C,1281419.57,698,611.9482187201528
2019-03,Norte,Centro Hospitalar do Tâmega e Sousa - E.P.E.,41.2494561--8.264901,Grupo C,406394.74,258,525.057803617571
2019-03,Centro,Centro Hospitalar e Universitario de Coimbra - E.P.E.,40.2191523--8.4098211,Grupo E,3019715.3,2214,454.63946100572116
2019-03,Centro,Centro Hospitalar Universitário Cova da Beira- E.P.E,40.2804158--7.4922407,Grupo C,179690.99,157,381.50953290870484
2019-03,LVT,Hospital Garcia da Orta - E.P.E.,38.6658713--9.1822554,Grupo D,1820025.74,1744,347.864246941896
2019-03,Norte,Unidade Local de Saúde do Alto Minho - E.P.E.,41.7056054--8.8252713,Grupo C,372187.21,214,579.7308566978194
2019-03,Alentejo,Unidade Local de Saúde do Baixo Alentejo - E.P.E.,38.014123--7.8721227,Grupo C,265727.54,146,606.6838812785387
2019-06,Centro,Centro Hospitalar e Universitario de Coimbra - E.P.E.,40.2191523--8.4098211,Grupo E,5967352.68,2350,423.21650212765957
2019-06,Centro,Centro Hospitalar Universitário Cova da Beira - E.P.E.,40.2804158--7.4922407,Grupo C,321077.54,173,309.3232562620424
2019-06,LVT,Hospital Garcia da Orta - E.P.E.,38.6658713--9.1822554,Grupo D,3464323.0199999996,1819,317.4201044529961
2019-06,Norte,Centro Hospitalar do Tâmega e Sousa - E.P.E.,41.2494561--8.264901,Grupo C,780129.07,282,461.0691903073286
2019-06,Norte,Unidade Local de Saúde do Alto Minho - E.P.E.,41.7056054--8.8252713,Grupo C,709325.02,241,490.5428907330567
2019-09,Centro,Centro Hospitalar e Universitario de Coimbra - E.P.E.,40.2191523--8.4098211,Grupo E,9005490.46,2471,404.94133998830887
2019-09,Alentejo,Hospital Espirito Santo - E.P.E. - Evora,38.5684861--7.9032848,Grupo D,467196.98,,
2019-09,LVT,Hospital Garcia da Orta - E.P.E.,38.6658713--9.1822554,Grupo D,5220262.36,1865,311.0075877271373
2019-09,LVT,Hospital Prof. Doutor Fernando Fonseca - E.P.E.,38.7422257--9.2264834,Grupo D,11674753.22,2723,476.384429754764
2020-03,Norte,Centro Hospitalar Universitário de São João - E.P.E.,41.1831056--8.6010558,Grupo E,3647706.72,2409,504.73318389373185
2020-03,Norte,Centro Hospitalar de Tras os Montes e Alto Douro - E.P.E.,41.3031784--7.7515252,Grupo D,310002.62,234,441.5991737891738
2020-03,Norte,Centro Hospitalar do Medio Ave - E.P.E.,41.3423984--8.4802503,Grupo B,1810.43,,
2020-03,Alentejo,Unidade Local de Saúde do Baixo Alentejo - E.P.E.,38.014123--7.8721227,Grupo C,353926.53,171,689.9152631578949
2020-03,Alentejo,Hospital Espirito Santo - E.P.E. - Evora,38.5684861--7.9032848,Grupo D,170789.91,,
2019-12,Norte,Centro Hospitalar do Tâmega e Sousa - E.P.E.,41.2494561--8.264901,Grupo C,1418384.61,337,350.7380341246291
2019-12,Centro,Centro Hospitalar do Baixo Vouga - E.P.E.,40.6362453--8.6543716,Grupo C,2788263.64,658,353.1235612968592
2019-12,LVT,Hospital Distrital de Santarém - E.P.E.,39.2410946--8.6937515,Grupo C,4305831.77,813,441.3521699466994
2019-12,Alentejo,Unidade Local de Saúde do Baixo Alentejo - E.P.E.,38.014123--7.8721227,Grupo C,1159639.64,198,488.0638215488215
2019-12,Alentejo,Hospital Espirito Santo - E.P.E. - Evora,38.5684861--7.9032848,Grupo D,612950.05,,
2020-06,Centro,Centro Hospitalar do Baixo Vouga - E.P.E.,40.6362453--8.6543716,Grupo C,1640700.32,665,411.20308771929825
2020-06,Norte,Centro Hospitalar do Médio Ave - E.P.E.,41.3423984--8.4802503,Grupo B,3202.62,,
2020-06,Centro,Centro Hospitalar Tondela-Viseu - E.P.E..,40.516364--8.0827433,Grupo D,798218.68,296,449.447454954955
2020-06,Centro,Centro Hospitalar Universitário Cova da Beira - E.P.E.,40.2804158--7.4922407,Grupo C,313468.32,187,279.3835294117647
2020-06,LVT,Centro Hospitalar Universitário de Lisboa Norte - E.P.E.,38.7500861--9.1616116,Grupo E,10849199.3,4346,416.06071866850743
2020-06,LVT,Centro Hospitalar Universitário Lisboa Central - E.P.E.,38.7166948--9.1371248,Grupo E,16852324.74,5734,489.8362033484478
2020-06,LVT,Hospital distrital de Santarém - E.P.E.,39.2410946--8.6937515,Grupo C,2331063.13,781,497.4526525821596
2020-06,Norte,Unidade Local de Saúde de Matosinhos - E.P.E.,41.1794456--8.6745115,Grupo C,2263084.98,859,439.09293364377186
2020-06,Alentejo,Unidade Local de Saúde do Baixo Alentejo - E.P.E.,38.014123--7.8721227,Grupo C,611864.0,181,563.4106813996317
2020-06,Alentejo,Unidade Local de Saúde do Norte Alentejano - E.P.E.,39.3003425--7.4263845,Grupo C,134866.04,120,187.31394444444447
2020-09,LVT,Centro Hospitalar Barreiro Montijo - E.P.E.,38.6554005--9.0592392,Grupo C,3794288.21,881,478.53300668432337
2020-09,Algarve,Centro Hospitalar Universitário do Algarve - E.P.E.,37.0238973--7.9281554,Grupo D,5848596.08,1960,331.55306575963715
2020-12,LVT,Centro Hospitalar de Lisboa Ocidental - E.P.E.,38.708454--9.216985,Grupo E,14092335.55,3018,389.11905097194614
2020-12,Norte,Centro Hospitalar de Vila Nova de Gaia/ Espinho - E.P.E.,41.1094138--8.5972617,Grupo D,6731272.87,1352,414.8960102317554
2020-12,LVT,Hospital Garcia da Orta - E.P.E.,38.6658713--9.1822554,Grupo D,7634054.67,1986,320.3279065961732
2020-12,Alentejo,Unidade Local de Saúde do Norte Alentejano - E.P.E.,39.3003425--7.4263845,Grupo C,293461.85,134,182.5011504975124
2020-12,Norte,Centro Hospitalar do Tâmega e Sousa - E.P.E.,41.2494561--8.264901,Grupo C,1509589.8699999996,346,363.58137524084765
2021-06,LVT,Centro Hospitalar do Oeste - E.P.E.,39.4054629--9.1258493,Grupo B,1114189.6499999994,436,425.91347477064204
2021-06,Norte,Hospital de Braga - E.P.E.,41.567781--8.399268,Grupo D,2166967.48,780,463.0272393162393
2021-06,LVT,Centro Hospitalar Universitário de Lisboa Norte - E.P.E.,38.7500861--9.1616116,Grupo E,11372125.660000004,4313,439.4514900687845
2021-06,Norte,Centro Hospitalar do Tâmega e Sousa - E.P.E.,41.2494561--8.264901,Grupo C,904927.91,334,451.5608333333334
2021-06,LVT,Centro Hospitalar de Lisboa Ocidental - E.P.E.,38.708454--9.216985,Grupo E,7984226.940000001,2860,465.2812902097903
2021-06,LVT,Hospital Garcia da Orta - E.P.E.,38.6658713--9.1822554,Grupo D,4099965.3,1934,353.3234488107549
2022-03,Alentejo,Unidade Local de Saúde do Baixo Alentejo - E.P.E.,38.014123--7.8721227,Grupo C,313003.31,203,513.9627422003284
2022-03,Centro,Centro Hospitalar Universitário Cova da Beira - E.P.E.,40.2804158--7.4922407,Grupo C,208192.36,145,478.60312643678157
2022-03,Norte,Centro Hospitalar de Vila Nova de Gaia/ Espinho - E.P.E.,41.1094138--8.5972617,Grupo D,1739678.96,1173,494.3674225632282
2022-03,Alentejo,Hospital Espirito Santo - E.P.E. - Evora,38.5684861--7.9032848,Grupo D,155299.49,,
2022-03,LVT,Hospital Garcia da Orta - E.P.E.,38.6658713--9.1822554,Grupo D,2067214.58,1858,370.8673448152135
2022-03,LVT,Hospital Distrital de Santarém - E.P.E.,39.2410946--8.6937515,Grupo C,1079661.35,709,507.59818993888115
2022-03,Norte,Unidade Local de Saúde de Matosinhos - E.P.E.,41.1794456--8.6745115,Grupo C,1281550.9,867,492.7146866589773
2022-03,Norte,Centro Hospitalar Universitário do Porto - E.P.E.,41.1472498--8.6172617,Grupo E,2765944.37,2670,345.311406991261
2022-03,Norte,Centro Hospitalar do Medio Ave - E.P.E.,41.3423984--8.4802503,Grupo B,989.77,,
2022-03,Norte,Centro Hospitalar do Tâmega e Sousa - E.P.E.,41.2494561--8.264901,Grupo C,447752.27,318,469.3420020964361
2022-03,Centro,Centro Hospitalar do Baixo Vouga - E.P.E.,40.6362453--8.6543716,Grupo C,823214.17,644,426.0942908902692
2015-06,Norte,Unidade Local de Saúde de Matosinhos - E.P.E.,41.1794456--8.6745115,Grupo C,2478732.71,690,598.73
2015-06,Norte,Unidade Local de Saúde do Alto Minho - E.P.E.,41.7056054--8.8252713,Grupo C,720511.5399999999,182,659.81
2015-06,Centro,Centro Hospitalar Tondela-Viseu - E.P.E..,40.516364--8.0827433,Grupo D,688565.31,186,616.99
2015-06,Norte,Centro Hospitalar de Trás os Montes e Alto Douro - E.P.E.,41.3031784--7.7515252,Grupo D,675139.4900000001,201,559.82
2015-06,LVT,Centro Hospitalar Universitário Lisboa Central - E.P.E.,38.7166948--9.1371248,Grupo E,19000896.409999996,4737,668.53
2015-09,Centro,Centro Hospitalar Tondela-Viseu - E.P.E..,40.516364--8.0827433,Grupo D,1057134.72,199,590.25
2015-09,Norte,Centro Hospitalar de Trás os Montes e Alto Douro - E.P.E.,41.3031784--7.7515252,Grupo D,1008269.95,209,536.03
2015-12,Alentejo,Unidade Local de Saúde do Norte Alentejano - E.P.E.,39.3003425--7.4263845,Grupo C,929581.29,145,534.2421206896552
2015-12,Norte,Centro Hospitalar do Tâmega e Sousa - E.P.E.,41.2494561--8.264901,Grupo C,1697607.8200000003,233,607.1558726752504
2015-12,Norte,Centro Hospitalar de Trás os Montes e Alto Douro - E.P.E.,41.3031784--7.7515252,Grupo D,1201957.8699999999,217,461.5813632872503
2016-06,Alentejo,Unidade Local de Saúde do Baixo Alentejo - E.P.E.,38.014123--7.8721227,Grupo C,772541.1299999998,163,789.92
2016-06,LVT,Centro Hospitalar Barreiro Montijo - E.P.E.,38.6554005--9.0592392,Grupo C,2642419.7299999995,656,671.35
2016-06,Norte,Hospital da Senhora da Oliveira Guimarães - E.P.E.,41.4387173--8.3086907,Grupo C,1332907.4300000002,284,782.22
2016-06,Alentejo,Hospital Espírito Santo - E.P.E. - Évora,38.5684861--7.9032848,Grupo D,487066.25,153,530.57
2016-06,Algarve,Centro Hospitalar Universitário do Algarve - E.P.E.,37.0238973--7.9281554,Grupo D,5671908.3100000005,1578,599.06
2016-06,Norte,Centro Hospitalar de Vila Nova de Gaia/ Espinho - E.P.E.,41.1094138--8.5972617,Grupo D,4108934.7899999996,1094,625.98
2016-06,Norte,Centro Hospitalar Universitário de São João - E.P.E.,41.1831056--8.6010558,Grupo E,8888418.88,2166,683.93
2016-09,Centro,Centro Hospitalar Universitário Cova da Beira- E.P.E,40.2804158--7.4922407,Grupo C,754270.0,126,665.14
2016-09,Norte,Unidade Local de Saúde do Alto Minho - E.P.E.,41.7056054--8.8252713,Grupo C,1304127.03,189,766.68
2016-09,LVT,Centro Hospitalar Universitário de Lisboa Norte - E.P.E.,38.7500861--9.1616116,Grupo E,21678620.47,3707,649.78
2016-09,Norte,Centro Hospitalar Universitário do Porto - E.P.E.,41.1472498--8.6172617,Grupo E,13959030.42,2625,590.86
2016-12,Alentejo,Unidade Local de Saúde do Baixo Alentejo - E.P.E.,38.014123--7.8721227,Grupo C,1365733.0999999999,182,625.3356684981685
2016-12,LVT,Centro Hospitalar de Setúbal - E.P.E.,38.5283754--8.8818638,Grupo C,8780812.990000002,1071,683.2254116090882
2016-12,LVT,Centro Hospitalar Universitário Lisboa Central - E.P.E.,38.7166948--9.1371248,Grupo E,39318754.39,5275,621.1493584518167
2016-12,Norte,Centro Hospitalar Universitário de São João - E.P.E.,41.1831056--8.6010558,Grupo E,13875285.920000002,2273,508.6994398005573
2017-03,LVT,Centro Hospitalar Barreiro Montijo - E.P.E.,38.6554005--9.0592392,Grupo C,1151437.9200000002,590,650.5298983050849
2017-03,Norte,Centro Hospitalar Universitário de São João - E.P.E.,41.1831056--8.6010558,Grupo E,4220605.149999999,2065,681.2921953188054
2017-03,Norte,Centro Hospitalar Universitário do Porto - E.P.E.,41.1472498--8.6172617,Grupo E,,0,
2017-03,LVT,Centro Hospitalar Universitário de Lisboa Norte - E.P.E.,38.7500861--9.1616116,Grupo E,7257751.33,3417,708.0042269046922
2017-03,Centro,Centro Hospitalar Tondela-Viseu - E.P.E..,40.516364--8.0827433,Grupo D,410813.00999999983,206,664.7459708737862
2017-03,Norte,Hospital da Senhora da Oliveira Guimarães - E.P.E.,41.4387173--8.3086907,Grupo C,751678.4700000002,291,861.0291752577322
2017-03,LVT,Hospital Garcia da Orta - E.P.E.,38.6658713--9.1822554,Grupo D,,0,
2017-03,LVT,Hospital Prof. Doutor Fernando Fonseca - E.P.E.,38.7422257--9.2264834,Grupo D,3745959.449999999,2107,592.6213336497387
2017-06,Algarve,Centro Hospitalar Universitário do Algarve - E.P.E.,37.0238973--7.9281554,Grupo D,5478273.19,1653,552.3566434765074
2017-06,Centro,Centro Hospitalar e Universitario de Coimbra - E.P.E.,40.2191523--8.4098211,Grupo E,7617101.32,1846,687.7122896352474
2017-06,Norte,Unidade Local de Saúde de Matosinhos - E.P.E.,41.1794456--8.6745115,Grupo C,2909347.38,777,624.055637065637
2017-06,Norte,Unidade Local de Saúde do Alto Minho - E.P.E.,41.7056054--8.8252713,Grupo C,757990.43,194,651.194527491409
2017-12,Centro,Centro Hospitalar Universitário Cova da Beira- E.P.E,40.2804158--7.4922407,Grupo C,981595.5999999999,132,619.6941919191919
2017-12,Norte,Centro Hospitalar de Trás os Montes e Alto Douro - E.P.E.,41.3031784--7.7515252,Grupo D,1590427.3800000004,257,515.7027821011674
2017-12,Norte,Centro Hospitalar de Vila Nova de Gaia/ Espinho - E.P.E.,41.1094138--8.5972617,Grupo D,7283752.75,1200,505.81616319444447
2017-12,Norte,Centro Hospitalar do Médio Ave - E.P.E.,41.3423984--8.4802503,Grupo B,210707.05999999997,32,548.7163020833333
2018-03,Centro,Centro Hospitalar e Universitario de Coimbra - E.P.E.,40.2191523--8.4098211,Grupo E,3612229.27,2088,576.6649537037036
2018-03,Centro,Centro Hospitalar Tondela-Viseu - E.P.E..,40.516364--8.0827433,Grupo D,399661.72,226,589.4715634218288
2018-03,Centro,Centro Hospitalar Universitário Cova da Beira- E.P.E,40.2804158--7.4922407,Grupo C,278279.7,147,631.0197278911565
2018-03,LVT,Centro Hospitalar Universitário Lisboa Central - E.P.E.,38.7166948--9.1371248,Grupo E,9583612.46,4936,647.1915491626149
2018-03,Alentejo,Unidade Local de Saúde do Norte Alentejano - E.P.E.,39.3003425--7.4263845,Grupo C,129603.12,106,407.55698113207546
2018-06,LVT,Centro Hospitalar de Lisboa Ocidental - E.P.E.,38.708454--9.216985,Grupo E,8940482.94,2565,580.9280662768031
2018-06,Norte,Centro Hospitalar Universitário de São João - E.P.E.,41.1831056--8.6010558,Grupo E,8324275.99,2313,599.8181286928952
2018-06,Norte,Centro Hospitalar do Médio Ave - E.P.E.,41.3423984--8.4802503,Grupo B,68035.15000000001,32,354.34973958333336
2018-06,LVT,Hospital Garcia da Orta - E.P.E.,38.6658713--9.1822554,Grupo D,4585709.989999999,1724,443.32076469450885
2016-09,LVT,Centro Hospitalar Universitário Lisboa Central - E.P.E.,38.7166948--9.1371248,Grupo E,29936841.130000003,5122,649.4173528135711
2016-09,Norte,Centro Hospitalar de Vila Nova de Gaia/ Espinho - E.P.E.,41.1094138--8.5972617,Grupo D,6387997.380000001,1119,634.2962347333929
2016-09,Centro,Centro Hospitalar do Baixo Vouga - E.P.E.,40.6362453--8.6543716,Grupo C,2745977.99,518,589.012867867868
2017-09,Centro,Centro Hospitalar Universitário Cova da Beira- E.P.E,40.2804158--7.4922407,Grupo C,743531.3999999999,132,625.8681818181817
2017-09,LVT,Centro Hospitalar Universitário de Lisboa Norte - E.P.E.,38.7500861--9.1616116,Grupo E,20010085.379999995,3928,566.0241395112015
2017-09,LVT,Hospital Garcia da Orta - E.P.E.,38.6658713--9.1822554,Grupo D,7276065.360000001,1668,484.68327737809767
2018-09,Centro,Centro Hospitalar e Universitario de Coimbra - E.P.E.,40.2191523--8.4098211,Grupo E,10975911.729999999,2302,529.7766063326576
2018-09,Norte,Centro Hospitalar do Médio Ave - E.P.E.,41.3423984--8.4802503,Grupo B,83701.84000000001,32,290.6313888888889
2018-09,Norte,Centro Hospitalar do Tâmega e Sousa - E.P.E.,41.2494561--8.264901,Grupo C,1513492.04,283,594.2253788771103
2018-09,Norte,Hospital da Senhora da Oliveira Guimarães - E.P.E.,41.4387173--8.3086907,Grupo C,1960821.9100000001,336,648.4199437830689
2018-09,Norte,Centro Hospitalar Universitário do Porto - E.P.E.,41.1472498--8.6172617,Grupo E,12951220.78,2950,487.8049258003766
2018-12,LVT,Centro Hospitalar Universitário Lisboa Central - E.P.E.,38.7166948--9.1371248,Grupo E,37387034.07,,
2018-12,Norte,Centro Hospitalar do Médio Ave - E.P.E.,41.3423984--8.4802503,Grupo B,85932.11,32,223.78153645833333
2018-12,Norte,Centro Hospitalar Universitário do Porto - E.P.E.,41.1472498--8.6172617,Grupo E,14637351.68,3024,403.36617283950613
2019-03,LVT,Centro Hospitalar de Lisboa Ocidental - E.P.E.,38.708454--9.216985,Grupo E,3741047.07,2328,535.6596606529209
2019-03,LVT,Centro Hospitalar de Setúbal - E.P.E.,38.5283754--8.8818638,Grupo C,1801535.98,1025,585.8653593495935
2019-03,Centro,Centro Hospitalar do Baixo Vouga - E.P.E.,40.6362453--8.6543716,Grupo C,659550.29,559,393.2917650566488
2019-03,LVT,Centro Hospitalar Universitário de Lisboa Norte - E.P.E.,38.7500861--9.1616116,Grupo E,5601113.84,3766,495.7615365551425
2019-03,Norte,Centro Hospitalar Universitário do Porto - E.P.E.,41.1831056--8.6010558,Grupo E,3562786.88,2610,455.0174814814814
2019-03,LVT,Hospital Prof. Doutor Fernando Fonseca - E.P.E.,38.7422257--9.2264834,Grupo D,3551272.76,2391,495.0889111947581
2019-06,Alentejo,Unidade Local de Saúde do Norte Alentejano - E.P.E.,39.3003425--7.4263845,Grupo C,181548.28,113,267.7703244837758
2019-06,Centro,Centro Hospitalar do Baixo Vouga - E.P.E.,40.6362453--8.6543716,Grupo C,1473750.4300000002,616,398.7419994588745
2019-06,LVT,Centro Hospitalar de Setubal - E.P.E.,38.5283754--8.8818638,Grupo C,3622605.67,1141,529.1565395851592
2019-06,Norte,Centro Hospitalar do Medio Ave - E.P.E.,41.3423984--8.4802503,Grupo B,1588.9699999999998,,
2019-09,Norte,Centro Hospitalar de Tras os Montes e Alto Douro - E.P.E.,41.3031784--7.7515252,Grupo D,711347.76,294,268.83891156462585
2019-09,Norte,Centro Hospitalar de Vila Nova de Gaia/ Espinho - E.P.E.,41.1094138--8.5972617,Grupo D,5134400.64,1285,443.960280155642
2019-09,Norte,Centro Hospitalar do Medio Ave - E.P.E.,41.3423984--8.4802503,Grupo B,2249.56,,
2019-09,Norte,Centro Hospitalar do Tâmega e Sousa - E.P.E.,41.2494561--8.264901,Grupo C,1103878.71,331,370.5534441087613
2019-09,Norte,Unidade Local de Saúde de Matosinhos - E.P.E.,41.1794456--8.6745115,Grupo C,3261225.2,882,410.83713781809024
2019-09,Alentejo,Unidade Local de Saúde do Baixo Alentejo - E.P.E.,38.014123--7.8721227,Grupo C,866433.23,187,514.8147534165181
2019-09,Alentejo,Unidade Local de Saúde do Norte Alentejano - E.P.E.,39.3003425--7.4263845,Grupo C,255250.19,117,242.40283950617282
2020-03,LVT,Centro Hospitalar de Setubal - E.P.E.,38.5283754--8.8818638,Grupo C,2007693.49,1108,603.9992448856799
2020-03,Algarve,Centro Hospitalar Universitário do Algarve - E.P.E.,37.0238973--7.9281554,Grupo D,2439693.32,1785,455.5916563958917
2019-12,Norte,Hospital da Senhora da Oliveira Guimarães - E.P.E.,41.4387173--8.3086907,Grupo C,1897033.69,357,442.81832166199814
2019-12,Norte,Centro Hospitalar Universitário de São João - E.P.E.,41.1831056--8.6010558,Grupo E,11208823.91,2684,348.01365840784894
2019-12,LVT,Centro Hospitalar Barreiro Montijo - E.P.E.,38.6554005--9.0592392,Grupo C,4931379.38,850,483.4685666666667
2019-12,LVT,Hospital Garcia da Orta - E.P.E.,38.6658713--9.1822554,Grupo D,6940114.39,1930,299.6595159758204
2019-12,LVT,Hospital Prof. Doutor Fernando Fonseca - E.P.E.,38.7422257--9.2264834,Grupo D,15200623.14,2840,446.02767429577466
2019-12,Alentejo,Unidade Local de Saúde do Norte Alentejano - E.P.E.,39.3003425--7.4263845,Grupo C,328656.2,123,222.6668021680217
2020-06,LVT,Centro Hospitalar de Lisboa Ocidental - E.P.E.,38.708454--9.216985,Grupo E,6847111.02,2841,401.68432594156985
2020-06,Norte,Centro Hospitalar de Tras os Montes e Alto Douro - E.P.E.,41.3031784--7.7515252,Grupo D,586152.03,273,357.8461721611722
2020-06,Norte,Hospital da Senhora da Oliveira Guimarães - E.P.E.,41.4387173--8.3086907,Grupo C,1074136.3,336,532.8057043650794
2020-09,Norte,Centro Hospitalar de Tras os Montes e Alto Douro - E.P.E.,41.3031784--7.7515252,Grupo D,906716.0,288,349.8132716049383
2020-09,Norte,Centro Hospitalar de Vila Nova de Gaia/ Espinho - E.P.E.,41.1094138--8.5972617,Grupo D,5023855.88,1319,423.2041007497262
2020-09,Centro,Centro Hospitalar Tondela-Viseu - E.P.E..,40.516364--8.0827433,Grupo D,1189126.27,315,419.44489241622574
2020-09,LVT,Hospital Garcia da Orta - E.P.E.,38.6658713--9.1822554,Grupo D,5788934.93,1931,333.09942631912077
2020-09,Norte,Unidade Local de Saúde do Alto Minho - E.P.E.,41.7056054--8.8252713,Grupo C,1057768.88,257,457.314690877648
2020-12,LVT,Centro Hospitalar Universitário de Lisboa Norte - E.P.E.,38.7500861--9.1616116,Grupo E,21453708.630000003,4652,384.30977052880485
2020-12,LVT,Hospital Prof. Doutor Fernando Fonseca - E.P.E.,38.7422257--9.2264834,Grupo D,14569113.59,2951,411.4174175420762
2020-12,Centro,Centro Hospitalar e Universitario de Coimbra - E.P.E.,40.2191523--8.4098211,Grupo E,11902864.72,3534,280.6749839652896
2020-12,Algarve,Centro Hospitalar Universitário do Algarve - E.P.E.,37.0238973--7.9281554,Grupo D,6912144.03,2005,287.28778179551125
2021-06,LVT,Centro Hospitalar Barreiro Montijo - E.P.E.,38.6554005--9.0592392,Grupo C,2524101.8,847,496.6748917748917
2021-06,Norte,Centro Hospitalar de Tras os Montes e Alto Douro - E.P.E.,41.3031784--7.7515252,Grupo D,611920.1,315,323.7672486772487
2021-06,LVT,Hospital Distrital de Santarém - E.P.E.,39.2410946--8.6937515,Grupo C,2319103.6199999996,794,486.7975692695213
2022-03,Norte,Unidade Local de Saúde do Alto Minho - E.P.E.,41.7056054--8.8252713,Grupo C,397438.59,235,563.7426808510639
2022-03,LVT,Centro Hospitalar Barreiro Montijo - E.P.E.,38.6554005--9.0592392,Grupo C,1296408.27,771,560.4877950713359
2022-03,Algarve,Centro Hospitalar Universitário do Algarve - E.P.E.,37.0238973--7.9281554,Grupo D,1590299.7,1864,284.38835836909874
2022-03,Norte,Hospital de Braga - E.P.E.,41.567781--8.399268,Grupo D,1124386.41,844,444.070462085308
2022-03,LVT,Hospital de Vila Franca de Xira - E.P.E.,38.952565--8.992398,Grupo C,457669.04,312,488.9626495726495
2015-06,LVT,Centro Hospitalar do Oeste - E.P.E.,39.4054629--9.1258493,Grupo B,971942.9300000002,299,541.77
2015-06,Centro,Centro Hospitalar Universitário Cova da Beira- E.P.E,40.2804158--7.4922407,Grupo C,479277.10000000003,123,649.43
2015-06,LVT,Centro Hospitalar Barreiro Montijo - E.P.E.,38.6554005--9.0592392,Grupo C,2228965.04,621,598.22
2015-06,Centro,Centro Hospitalar e Universitario de Coimbra - E.P.E.,40.2191523--8.4098211,Grupo E,6922726.58,1765,653.7
2015-06,LVT,Centro Hospitalar de Lisboa Ocidental - E.P.E.,38.708454--9.216985,Grupo E,8500615.0,2156,657.13
2015-09,Alentejo,Unidade Local de Saúde do Baixo Alentejo - E.P.E.,38.014123--7.8721227,Grupo C,925466.01,172,597.85
2015-09,Centro,Centro Hospitalar do Baixo Vouga - E.P.E.,40.6362453--8.6543716,Grupo C,2382413.15,445,594.86
2015-09,LVT,Hospital Distrital de Santarém - E.P.E.,39.2410946--8.6937515,Grupo C,3281944.09,647,563.62
2015-09,Norte,Centro Hospitalar do Tâmega e Sousa - E.P.E.,41.2494561--8.264901,Grupo C,1264538.6,219,641.57
2015-09,Norte,Hospital da Senhora da Oliveira Guimarães - E.P.E.,41.4387173--8.3086907,Grupo C,1865245.1,283,732.33
2015-09,LVT,Centro Hospitalar de Lisboa Ocidental - E.P.E.,38.708454--9.216985,Grupo E,12902400.33,2216,646.93
2015-09,Norte,Centro Hospitalar Universitário de São João - E.P.E.,41.1831056--8.6010558,Grupo E,10339836.2,2092,549.17
2015-12,Norte,Centro Hospitalar do Médio Ave - E.P.E.,41.3423984--8.4802503,Grupo B,218161.90000000002,32,568.1299479166668
2015-12,LVT,Hospital Distrital de Santarém - E.P.E.,39.2410946--8.6937515,Grupo C,4174624.85,647,537.6899600721277
2016-06,LVT,Centro Hospitalar de Setúbal - E.P.E.,38.5283754--8.8818638,Grupo C,4545632.090000001,1007,752.34
2016-06,Norte,Unidade Local de Saúde do Alto Minho - E.P.E.,41.7056054--8.8252713,Grupo C,921713.79,189,812.8
2016-06,Centro,Centro Hospitalar e Universitario de Coimbra - E.P.E.,40.2191523--8.4098211,Grupo E,7619382.930000001,1860,682.74
2016-09,Norte,Hospital da Senhora da Oliveira Guimarães - E.P.E.,41.4387173--8.3086907,Grupo C,1787997.2,292,680.36
2016-09,Norte,Centro Hospitalar de Vila Nova de Gaia/ Espinho - E.P.E.,41.1094138--8.5972617,Grupo D,6387997.38,1119,634.3
2016-12,Algarve,Centro Hospitalar Universitário do Algarve - E.P.E.,37.0238973--7.9281554,Grupo D,10594422.43,1742,506.8131663796403
2016-12,Centro,Centro Hospitalar e Universitario de Coimbra - E.P.E.,40.2191523--8.4098211,Grupo E,15112953.229999999,1987,633.8262552424089
2017-03,Centro,Centro Hospitalar Universitário Cova da Beira- E.P.E,40.2804158--7.4922407,Grupo C,256128.10000000006,126,677.5875661375663
2017-03,LVT,Centro Hospitalar Universitário Lisboa Central - E.P.E.,38.7166948--9.1371248,Grupo E,10412870.130000006,4892,709.5169071954215
2017-03,LVT,Centro Hospitalar de Setúbal - E.P.E.,38.5283754--8.8818638,Grupo C,2119769.290000001,971,727.6928561620326
2017-06,Centro,Centro Hospitalar Universitário Cova da Beira- E.P.E,40.2804158--7.4922407,Grupo C,473276.8,131,602.1333333333333
2017-06,LVT,Centro Hospitalar de Setúbal - E.P.E.,38.5283754--8.8818638,Grupo C,4085188.42,1051,647.82562955915
2017-06,Norte,Centro Hospitalar Universitário do Porto - E.P.E.,41.1472498--8.6172617,Grupo E,9064159.65,2,560.5540909090909
2017-06,Centro,Centro Hospitalar Tondela-Viseu - E.P.E..,40.516364--8.0827433,Grupo D,794483.5,221,599.1579939668176
2017-06,LVT,Hospital Garcia da Orta - E.P.E.,38.6658713--9.1822554,Grupo D,4927817.49,1620,506.9771080246914
2017-06,Alentejo,Unidade Local de Saúde do Norte Alentejano - E.P.E.,39.3003425--7.4263845,Grupo C,314576.28,119,440.5830252100841
2017-12,Alentejo,Unidade Local de Saúde do Norte Alentejano - E.P.E.,39.3003425--7.4263845,Grupo C,683579.1799999999,125,455.7194533333333
2017-12,Algarve,Centro Hospitalar Universitário do Algarve - E.P.E.,37.0238973--7.9281554,Grupo D,10331368.78,1787,481.78365883230737
2017-12,Centro,Centro Hospitalar do Baixo Vouga - E.P.E.,40.6362453--8.6543716,Grupo C,3503077.4899999998,590,494.7849562146892
2017-12,LVT,Hospital Prof. Doutor Fernando Fonseca - E.P.E.,38.7422257--9.2264834,Grupo D,15165435.36,2451,515.6206772745818
2017-12,Norte,Hospital da Senhora da Oliveira Guimarães - E.P.E.,41.4387173--8.3086907,Grupo C,2558344.4899999998,,
2017-12,Norte,Unidade Local de Saúde do Alto Minho - E.P.E.,41.7056054--8.8252713,Grupo C,1531369.7900000003,226,564.6643768436579
2018-03,LVT,Centro Hospitalar Barreiro Montijo - E.P.E.,38.6554005--9.0592392,Grupo C,1211828.7,634,637.1339116719242
2018-03,LVT,Centro Hospitalar Universitário de Lisboa Norte - E.P.E.,38.7500861--9.1616116,Grupo E,6496376.69,3581,604.707873964442
2018-03,Norte,Centro Hospitalar Universitário do Porto - E.P.E.,41.1831056--8.6010558,Grupo E,4414614.35,2562,574.3708495966692
2018-03,Norte,Unidade Local de Saúde do Alto Minho - E.P.E.,41.7056054--8.8252713,Grupo C,368743.8,200,614.573
2018-03,Alentejo,Unidade Local de Saúde do Baixo Alentejo - E.P.E.,38.014123--7.8721227,Grupo C,299787.91,144,693.9534953703702
2018-06,LVT,Centro Hospitalar Universitário Lisboa Central - E.P.E.,38.7166948--9.1371248,Grupo E,19212600.84,5412,591.6666925351071
2018-06,Centro,Centro Hospitalar do Baixo Vouga - E.P.E.,40.6362453--8.6543716,Grupo C,1858435.43,580,534.0331695402299
2018-06,LVT,Centro Hospitalar do Oeste - E.P.E.,39.4054629--9.1258493,Grupo B,1071355.9,392,455.5084608843537
2018-06,Centro,Centro Hospitalar Tondela-Viseu - E.P.E..,40.516364--8.0827433,Grupo D,828114.2499999999,226,610.7037241887905
2018-06,Alentejo,Unidade Local de Saúde do Norte Alentejano - E.P.E.,39.3003425--7.4263845,Grupo C,315853.22,116,453.8120977011494
2016-09,LVT,Centro Hospitalar Barreiro Montijo - E.P.E.,38.6554005--9.0592392,Grupo C,3874577.3200000003,663,649.3342249036367
2016-09,Norte,Centro Hospitalar de Trás os Montes e Alto Douro - E.P.E.,41.3031784--7.7515252,Grupo D,1225382.8099999998,231,589.409721019721
2016-09,Norte,Centro Hospitalar do Médio Ave - E.P.E.,41.3423984--8.4802503,Grupo B,209372.97999999998,32,726.9895138888888
2016-09,Centro,Centro Hospitalar e Universitario de Coimbra - E.P.E.,40.2191523--8.4098211,Grupo E,11614822.179999998,1970,655.0943135927805
2016-09,LVT,Hospital Garcia da Orta - E.P.E.,38.6658713--9.1822554,Grupo D,7495864.6899999995,1640,507.84991124661246
2016-09,Norte,Unidade Local de Saúde do Alto Minho - E.P.E.,41.7056054--8.8252713,Grupo C,1304127.03,189,766.6825573192241
2016-09,Alentejo,Unidade Local de Saúde do Norte Alentejano - E.P.E.,39.3003425--7.4263845,Grupo C,777206.5,127,679.9706911636046
2017-09,Norte,Centro Hospitalar Universitário de São João - E.P.E.,41.1831056--8.6010558,Grupo E,12789875.730000004,2293,619.7546024131417
2017-09,Algarve,Centro Hospitalar Universitário do Algarve - E.P.E.,37.0238973--7.9281554,Grupo D,8036856.159999997,1739,513.5043230464505
2017-09,Centro,Centro Hospitalar do Baixo Vouga - E.P.E.,40.6362453--8.6543716,Grupo C,2760314.4299999997,568,539.9676115023474
2017-09,Norte,Centro Hospitalar do Médio Ave - E.P.E.,41.3423984--8.4802503,Grupo B,164928.72,32,572.6691666666667
2017-09,Norte,Centro Hospitalar Universitário do Porto - E.P.E.,41.1472498--8.6172617,Grupo E,13486713.000000002,2827,530.075580709822
2017-09,Centro,Centro Hospitalar e Universitario de Coimbra - E.P.E.,40.2191523--8.4098211,Grupo E,11331082.36,1846,682.0201251956181
2017-09,Norte,Hospital da Senhora da Oliveira Guimarães - E.P.E.,41.4387173--8.3086907,Grupo C,1957557.6600000001,313,694.9086474973377
2017-09,Norte,Unidade Local de Saúde de Matosinhos - E.P.E.,41.1794456--8.6745115,Grupo C,4211876.24,805,581.3493775017254
2018-09,Alentejo,Unidade Local de Saúde do Norte Alentejano - E.P.E.,39.3003425--7.4263845,Grupo C,482581.89999999997,119,450.5900093370681
2018-09,Centro,Centro Hospitalar do Baixo Vouga - E.P.E.,40.6362453--8.6543716,Grupo C,2647637.26,603,487.8638769117376
2018-12,Alentejo,Unidade Local de Saúde do Norte Alentejano - E.P.E.,39.3003425--7.4263845,Grupo C,646927.83,122,441.89059426229505
2018-12,LVT,Hospital Distrital de Santarém - E.P.E.,39.2410946--8.6937515,Grupo C,4579296.18,772,494.3109002590673
2018-12,Norte,Centro Hospitalar de Vila Nova de Gaia/ Espinho - E.P.E.,41.1094138--8.5972617,Grupo D,6512431.1,1238,438.37042945611194
2019-03,Norte,Centro Hospitalar de Vila Nova de Gaia/ Espinho - E.P.E.,41.1094138--8.5972617,Grupo D,1904659.94,1187,534.8665936534682
2019-03,Algarve,Centro Hospitalar Universitário do Algarve - E.P.E.,37.0238973--7.9281554,Grupo D,2561903.81,1705,500.86095992179867
2019-03,Alentejo,Hospital Espírito Santo - E.P.E. - Évora,38.5684861--7.9032848,Grupo D,175799.14,,
2019-03,Alentejo,Unidade Local de Saúde do Norte Alentejano - E.P.E.,39.3003425--7.4263845,Grupo C,82247.22,99,276.9266666666667
2019-06,Alentejo,Hospital Espirito Santo - E.P.E. - Evora,38.5684861--7.9032848,Grupo D,318767.05,,
2019-06,Centro,Centro Hospitalar Tondela-Viseu - E.P.E..,40.516364--8.0827433,Grupo D,673815.34,274,409.8633454987834
2019-06,Norte,Centro Hospitalar de Vila Nova de Gaia/ Espinho - E.P.E.,41.1094138--8.5972617,Grupo D,3467733.76,1242,465.3426945786366
2019-09,LVT,Centro Hospitalar Barreiro Montijo - E.P.E.,38.6554005--9.0592392,Grupo C,3729264.07,836,495.64913211057944
2019-09,LVT,Centro Hospitalar de Lisboa Ocidental - E.P.E.,38.708454--9.216985,Grupo E,10810688.22,2791,430.3789251164457
2019-09,Centro,Centro Hospitalar do Baixo Vouga - E.P.E.,40.6362453--8.6543716,Grupo C,2126954.62,637,371.00202686202687
2019-09,LVT,Centro Hospitalar do Oeste - E.P.E.,39.4054629--9.1258493,Grupo B,1562428.31,419,414.3273163617078
2019-09,Algarve,Centro Hospitalar Universitário do Algarve - E.P.E.,37.0238973--7.9281554,Grupo D,6694530.14,1872,397.34865503323834
2019-09,LVT,Centro Hospitalar Universitário Lisboa Central - E.P.E.,38.7166948--9.1371248,Grupo E,24939874.94,,
2020-03,Norte,Centro Hospitalar de Vila Nova de Gaia/ Espinho - E.P.E.,41.1094138--8.5972617,Grupo D,1811166.46,1186,509.0406014614952
2020-03,Norte,Unidade Local de Saúde de Matosinhos - E.P.E.,41.1794456--8.6745115,Grupo C,1249490.59,810,514.193658436214
2020-03,Centro,Centro Hospitalar e Universitario de Coimbra - E.P.E.,40.2191523--8.4098211,Grupo E,3028349.55,2657,379.9209070380128
2020-03,LVT,Centro Hospitalar de Lisboa Ocidental - E.P.E.,38.708454--9.216985,Grupo E,3766180.11,2514,499.3609268098648
2019-12,Norte,Centro Hospitalar do Medio Ave - E.P.E.,41.3423984--8.4802503,Grupo B,3860.77,,
2019-12,Centro,Centro Hospitalar Tondela-Viseu - E.P.E..,40.516364--8.0827433,Grupo D,1399303.54,305,382.3233715846995
2019-12,LVT,Centro Hospitalar do Oeste - E.P.E.,39.4054629--9.1258493,Grupo B,2057099.66,436,393.1765405198776
2019-12,Algarve,Centro Hospitalar Universitário do Algarve - E.P.E.,37.0238973--7.9281554,Grupo D,7683277.6,1940,330.0376975945017
2020-06,LVT,Centro Hospitalar de Setúbal - E.P.E.,38.5283754--8.8818638,Grupo C,3728942.87,1194,520.5112883863763
2020-06,Alentejo,Hospital Espirito Santo - E.P.E. - Évora,38.5684861--7.9032848,Grupo D,307169.3,,
2020-06,Norte,Unidade Local de Saúde do Alto Minho - E.P.E.,41.7056054--8.8252713,Grupo C,707243.02,248,475.2977284946237
2020-09,LVT,Centro Hospitalar de Lisboa Ocidental - E.P.E.,38.708454--9.216985,Grupo E,10409128.399999999,2943,392.99008570242
2020-09,Centro,Centro Hospitalar Universitário Cova da Beira - E.P.E.,40.2804158--7.4922407,Grupo C,479855.4,195,273.42188034188035
2020-09,LVT,Hospital Distrital de Santarém - E.P.E.,39.2410946--8.6937515,Grupo C,3452452.82,821,467.24222763567457
2020-09,Alentejo,Unidade Local de Saúde do Baixo Alentejo - E.P.E.,38.014123--7.8721227,Grupo C,894111.25,181,548.8712400245549
2020-12,Alentejo,Unidade Local de Saúde do Baixo Alentejo - E.P.E.,38.014123--7.8721227,Grupo C,1202205.5999999999,209,479.3483253588516
2020-12,Norte,Unidade Local de Saúde de Matosinhos - E.P.E.,41.1794456--8.6745115,Grupo C,4661757.6499999985,896,433.57121000744036
2020-12,Norte,Centro Hospitalar Universitário do Porto - E.P.E.,41.1472498--8.6172617,Grupo E,13389651.219999999,3153,353.8865424463474
2020-12,Norte,Hospital da Senhora da Oliveira Guimarães - E.P.E.,41.4387173--8.3086907,Grupo C,2118982.7999999993,351,503.08233618233606
2021-06,Alentejo,Unidade Local de Saúde do Baixo Alentejo - E.P.E.,38.014123--7.8721227,Grupo C,582197.8,199,487.60284757118933
2021-06,Centro,Centro Hospitalar e Universitário de Coimbra - E.P.E.,40.2191523--8.4098211,Grupo E,6143766.760000001,2533,404.2483721542308
2021-06,Norte,Centro Hospitalar Universitário de São João - E.P.E.,41.1831056--8.6010558,Grupo E,7109573.579999998,2754,430.25741830065346
2022-03,Alentejo,Unidade Local de Saúde do Norte Alentejano - E.P.E.,39.3003425--7.4263845,Grupo C,87449.26,118,247.0318079096045
2022-03,LVT,Hospital Prof. Doutor Fernando Fonseca - E.P.E.,38.7422257--9.2264834,Grupo D,4120867.64,2683,511.972622686048
2022-03,LVT,Centro Hospitalar do Oeste - E.P.E.,39.4054629--9.1258493,Grupo B,655774.1,432,505.99853395061723
2022-03,Norte,Hospital da Senhora da Oliveira Guimarães - E.P.E.,41.4387173--8.3086907,Grupo C,461170.5,330,465.82878787878786
2015-06,Norte,Centro Hospitalar do Médio Ave - E.P.E.,41.3423984--8.4802503,Grupo B,143116.85,32,745.4
2015-06,LVT,Hospital Prof. Doutor Fernando Fonseca - E.P.E.,38.7422257--9.2264834,Grupo D,7377092.7700000005,1998,615.37
2015-06,Norte,Centro Hospitalar de Vila Nova de Gaia/ Espinho - E.P.E.,41.1094138--8.5972617,Grupo D,3555605.02,966,613.46
2015-06,Norte,Centro Hospitalar Universitário de São João - E.P.E.,41.1831056--8.6010558,Grupo E,6736472.8900000015,2036,551.45
2015-09,Norte,Centro Hospitalar do Médio Ave - E.P.E.,41.3423984--8.4802503,Grupo B,217132.12,32,753.93
2015-09,Alentejo,Unidade Local de Saúde do Norte Alentejano - E.P.E.,39.3003425--7.4263845,Grupo C,684136.43,140,542.97
2015-09,Centro,Centro Hospitalar Universitário Cova da Beira- E.P.E,40.2804158--7.4922407,Grupo C,711505.3,124,637.55
2015-09,LVT,Centro Hospitalar Barreiro Montijo - E.P.E.,38.6554005--9.0592392,Grupo C,3387630.46,645,583.57
2015-09,Norte,Unidade Local de Saúde do Alto Minho - E.P.E.,41.7056054--8.8252713,Grupo C,1087368.42,187,646.09
2015-09,Algarve,Centro Hospitalar Universitário do Algarve - E.P.E.,37.0238973--7.9281554,Grupo D,8221288.21,1575,579.99
2015-09,LVT,Hospital Garcia da Orta - E.P.E.,38.6658713--9.1822554,Grupo D,7033164.15,1539,507.77
2015-12,Alentejo,Unidade Local de Saúde do Baixo Alentejo - E.P.E.,38.014123--7.8721227,Grupo C,1216787.7399999998,179,566.4747392923649
2015-12,Centro,Centro Hospitalar do Baixo Vouga - E.P.E.,40.6362453--8.6543716,Grupo C,2961285.3000000007,479,515.1853340292276
2015-12,LVT,Centro Hospitalar Barreiro Montijo - E.P.E.,38.6554005--9.0592392,Grupo C,4410894.37,671,547.8010891703924
2015-12,Norte,Unidade Local de Saúde de Matosinhos - E.P.E.,41.1794456--8.6745115,Grupo C,4788932.0,740,539.2941441441441
2015-12,Norte,Unidade Local de Saúde do Alto Minho - E.P.E.,41.7056054--8.8252713,Grupo C,1446138.1799999997,197,611.7335786802029
2015-12,Norte,Centro Hospitalar de Vila Nova de Gaia/ Espinho - E.P.E.,41.1094138--8.5972617,Grupo D,7101795.56,1050,563.6345682539683
2015-12,Centro,Centro Hospitalar e Universitario de Coimbra - E.P.E.,40.2191523--8.4098211,Grupo E,13787120.350000001,1934,594.0675779903482
2015-12,LVT,Centro Hospitalar Universitário de Lisboa Norte - E.P.E.,38.7500861--9.1616116,Grupo E,26173062.39,3637,599.6943999175145
2016-06,Norte,Centro Hospitalar do Médio Ave - E.P.E.,41.3423984--8.4802503,Grupo B,154519.02000000002,32,804.79
2016-06,LVT,Hospital Prof. Doutor Fernando Fonseca - E.P.E.,38.7422257--9.2264834,Grupo D,8622473.850000001,2184,658.0
2016-09,LVT,Centro Hospitalar Barreiro Montijo - E.P.E.,38.6554005--9.0592392,Grupo C,3874577.32,663,649.33
2016-09,Norte,Centro Hospitalar do Tâmega e Sousa - E.P.E.,41.2494561--8.264901,Grupo C,1633751.28,244,743.97
2016-09,Algarve,Centro Hospitalar Universitário do Algarve - E.P.E.,37.0238973--7.9281554,Grupo D,8607648.39,1641,582.82
2016-09,Centro,Centro Hospitalar Tondela-Viseu - E.P.E..,40.516364--8.0827433,Grupo D,1265288.28,215,653.9
2016-09,Centro,Centro Hospitalar e Universitario de Coimbra - E.P.E.,40.2191523--8.4098211,Grupo E,11614822.18,1970,655.09
2016-09,LVT,Centro Hospitalar de Lisboa Ocidental - E.P.E.,38.708454--9.216985,Grupo E,15586186.73,2370,730.72
2016-09,Norte,Centro Hospitalar Universitário de São João - E.P.E.,41.1831056--8.6010558,Grupo E,13486419.91,2221,674.69
2016-12,LVT,Centro Hospitalar do Oeste - E.P.E.,39.4054629--9.1258493,Grupo B,2227253.85,359,517.0041434540391
2016-12,LVT,Centro Hospitalar Barreiro Montijo - E.P.E.,38.6554005--9.0592392,Grupo C,4862575.549999999,704,575.5889618844695
2016-12,Norte,Unidade Local de Saúde de Matosinhos - E.P.E.,41.1794456--8.6745115,Grupo C,5470119.109999999,793,574.8338703236653
2016-12,Norte,Unidade Local de Saúde do Alto Minho - E.P.E.,41.7056054--8.8252713,Grupo C,1662382.3900000001,203,682.4229844006569
2016-12,Alentejo,Hospital Espírito Santo - E.P.E. - Évora,38.5684861--7.9032848,Grupo D,940666.48,171,458.4144639376218
2016-12,LVT,Centro Hospitalar de Lisboa Ocidental - E.P.E.,38.708454--9.216985,Grupo E,18276823.819999993,2427,627.5519784370276
2016-12,LVT,Centro Hospitalar Universitário de Lisboa Norte - E.P.E.,38.7500861--9.1616116,Grupo E,27999205.63,3843,607.1473161158816
2017-03,Algarve,Centro Hospitalar Universitário do Algarve - E.P.E.,37.0238973--7.9281554,Grupo D,2969313.530000001,1576,628.0273963620983
2017-03,Centro,Centro Hospitalar do Baixo Vouga - E.P.E.,40.6362453--8.6543716,Grupo C,995218.5700000002,485,683.9990171821306
2017-03,LVT,Centro Hospitalar do Oeste - E.P.E.,39.4054629--9.1258493,Grupo B,559736.1499999999,336,555.2937996031745
2017-03,Centro,Centro Hospitalar e Universitario de Coimbra - E.P.E.,40.2191523--8.4098211,Grupo E,3842250.6600000015,1836,697.57637254902
2017-03,LVT,Hospital Distrital de Santarém - E.P.E.,39.2410946--8.6937515,Grupo C,,0,
2017-03,Alentejo,Hospital Espírito Santo - E.P.E. - Évora,38.5684861--7.9032848,Grupo D,,0,
2017-03,Alentejo,Unidade Local de Saúde do Baixo Alentejo - E.P.E.,38.014123--7.8721227,Grupo C,345682.1899999999,166,694.1409437751003
2017-06,LVT,Centro Hospitalar Universitário Lisboa Central - E.P.E.,38.7166948--9.1371248,Grupo E,20529940.91,5196,658.5174785091095
2017-06,Norte,Centro Hospitalar de Trás os Montes e Alto Douro - E.P.E.,41.3031784--7.7515252,Grupo D,887604.6,234,632.1970085470085
2017-06,Norte,Centro Hospitalar de Vila Nova de Gaia/ Espinho - E.P.E.,41.1094138--8.5972617,Grupo D,3789133.87,1143,552.5129585885098
2017-06,Centro,Centro Hospitalar do Baixo Vouga - E.P.E.,40.6362453--8.6543716,Grupo C,1849618.88,542,568.7634932349323
2017-06,LVT,Centro Hospitalar Universitário de Lisboa Norte - E.P.E.,38.7500861--9.1616116,Grupo E,13770259.47,3738,613.9762560192617
2017-06,Norte,Hospital da Senhora da Oliveira Guimarães - E.P.E.,41.4387173--8.3086907,Grupo C,1307448.59,305,714.4527814207651
2017-06,Alentejo,Hospital Espírito Santo - E.P.E. - Évora,38.5684861--7.9032848,Grupo D,463980.35,157,452.22256335282646
2017-06,LVT,Hospital Prof. Doutor Fernando Fonseca - E.P.E.,38.7422257--9.2264834,Grupo D,7949039.45,2272,583.1161568368544
2017-06,Alentejo,Unidade Local de Saúde do Baixo Alentejo - E.P.E.,38.014123--7.8721227,Grupo C,654341.16,172,634.051511627907
2017-12,Alentejo,Unidade Local de Saúde do Baixo Alentejo - E.P.E.,38.014123--7.8721227,Grupo C,1255018.0,181,577.8167587476979
2017-12,Centro,Centro Hospitalar e Universitario de Coimbra - E.P.E.,40.2191523--8.4098211,Grupo E,15598356.669999998,1846,704.1511678403755
2017-12,LVT,Centro Hospitalar Universitário Lisboa Central - E.P.E.,38.7166948--9.1371248,Grupo E,39785764.08,5626,589.313960184856
2017-12,LVT,Centro Hospitalar de Setúbal - E.P.E.,38.5283754--8.8818638,Grupo C,8109987.92,1132,597.025023557126
2017-12,LVT,Hospital Distrital de Santarém - E.P.E.,39.2410946--8.6937515,Grupo C,4921024.25,,
2017-12,LVT,Hospital Garcia da Orta - E.P.E.,38.6658713--9.1822554,Grupo D,9266061.11,1720,448.9370692829457
2017-12,Norte,Centro Hospitalar do Tâmega e Sousa - E.P.E.,41.2494561--8.264901,Grupo C,1629789.69,274,495.67812956204375
2017-12,Norte,Unidade Local de Saúde de Matosinhos - E.P.E.,41.1794456--8.6745115,Grupo C,5347125.33,829,537.5075723763571
2018-03,LVT,Centro Hospitalar de Setúbal - E.P.E.,38.5283754--8.8818638,Grupo C,2031960.52,971,697.5490971507038
2018-03,Algarve,Centro Hospitalar Universitário do Algarve - E.P.E.,37.0238973--7.9281554,Grupo D,2947260.74,1625,604.5663056410257
2018-03,LVT,Hospital Distrital de Santarém - E.P.E.,39.2410946--8.6937515,Grupo C,1251107.65,,
2018-06,LVT,Centro Hospitalar Universitário de Lisboa Norte - E.P.E.,38.7500861--9.1616116,Grupo E,12483405.48,4011,518.715427574171
2018-06,Algarve,Centro Hospitalar Universitário do Algarve - E.P.E.,37.0238973--7.9281554,Grupo D,5884713.32,1724,568.9011330239753
2018-06,Alentejo,Unidade Local de Saúde do Baixo Alentejo - E.P.E.,38.014123--7.8721227,Grupo C,609572.98,162,627.132695473251
2016-09,Norte,Centro Hospitalar Universitário do Porto - E.P.E.,41.1472498--8.6172617,Grupo E,13959030.420000002,2625,590.8584304761905
2016-09,Norte,Centro Hospitalar do Tâmega e Sousa - E.P.E.,41.2494561--8.264901,Grupo C,1633751.2799999998,244,743.9668852459015
2016-09,LVT,Hospital Distrital de Santarém - E.P.E.,39.2410946--8.6937515,Grupo C,4081453.520000001,647,700.9193748926672
2017-09,LVT,Centro Hospitalar de Lisboa Ocidental - E.P.E.,38.708454--9.216985,Grupo E,14505938.390000008,2458,655.7245452490737
2017-09,LVT,Centro Hospitalar do Oeste - E.P.E.,39.4054629--9.1258493,Grupo B,1715358.6100000003,384,496.34219039351865
2017-09,Norte,Centro Hospitalar do Tâmega e Sousa - E.P.E.,41.2494561--8.264901,Grupo C,1598319.0,268,662.6529850746269
2017-09,Alentejo,Hospital Espírito Santo - E.P.E. - Évora,38.5684861--7.9032848,Grupo D,699856.8999999999,157,495.29858457183286
2017-09,Alentejo,Unidade Local de Saúde do Norte Alentejano - E.P.E.,39.3003425--7.4263845,Grupo C,482299.03,123,435.6811472448058
2018-09,Centro,Centro Hospitalar Universitário Cova da Beira- E.P.E,40.2804158--7.4922407,Grupo C,791695.66,156,563.8857977207977
2018-09,Centro,Centro Hospitalar Tondela-Viseu - E.P.E..,40.516364--8.0827433,Grupo D,1214801.52,226,597.2475516224189
2018-09,LVT,Centro Hospitalar de Lisboa Ocidental - E.P.E.,38.708454--9.216985,Grupo E,12924006.4,2637,544.5584797539291
2018-09,LVT,Centro Hospitalar Universitário de Lisboa Norte - E.P.E.,38.7500861--9.1616116,Grupo E,18220338.02,4138,489.24166317598406
2018-12,Centro,Centro Hospitalar do Baixo Vouga - E.P.E.,40.6362453--8.6543716,Grupo C,3123420.8099999996,622,418.46473874598064
2018-12,LVT,Centro Hospitalar de Setúbal - E.P.E.,38.5283754--8.8818638,Grupo C,7639148.059999999,1178,540.4037959818901
2018-12,LVT,Centro Hospitalar do Oeste - E.P.E.,39.4054629--9.1258493,Grupo B,2156297.68,409,439.34345558272213
2018-12,Norte,Hospital da Senhora da Oliveira Guimarães - E.P.E.,41.4387173--8.3086907,Grupo C,2108749.1300000004,344,510.84039001938
2019-03,LVT,Centro Hospitalar do Oeste - E.P.E.,39.4054629--9.1258493,Grupo B,566603.18,388,486.77249140893474
2019-03,Centro,Centro Hospitalar Tondela-Viseu - E.P.E..,40.516364--8.0827433,Grupo D,348196.48,250,464.26197333333334
2019-03,Norte,Centro Hospitalar Universitário de São João - E.P.E.,41.1831056--8.6010558,Grupo E,3642816.84,2230,544.5167174887891
2019-06,Algarve,Centro Hospitalar Universitário do Algarve - E.P.E.,37.0238973--7.9281554,Grupo D,4795696.88,1804,443.06142645971914
2019-06,LVT,Centro Hospitalar Barreiro Montijo - E.P.E.,38.6554005--9.0592392,Grupo C,2477363.98,795,519.3635178197065
2019-06,LVT,Centro Hospitalar de Lisboa Ocidental - E.P.E.,38.708454--9.216985,Grupo E,7198729.63,2696,445.02532331849653
2019-06,LVT,Centro Hospitalar Universitário de Lisboa Norte - E.P.E.,38.7500861--9.1616116,Grupo E,10832084.11,4278,422.0073285803335
2019-06,Norte,Centro Hospitalar de Tras os Montes e Alto Douro - E.P.E.,41.3031784--7.7515252,Grupo D,500078.75,264,315.7062815656566
2019-06,Norte,Hospital da Senhora da Oliveira Guimarães - E.P.E.,41.4387173--8.3086907,Grupo C,1066539.0,330,538.6560606060606
2019-06,Norte,Unidade Local de Saúde de Matosinhos - E.P.E.,41.1794456--8.6745115,Grupo C,2117272.3,847,416.62186147186145
2019-09,Centro,Centro Hospitalar Tondela-Viseu - E.P.E..,40.516364--8.0827433,Grupo D,1048787.02,274,425.2988726682887
2019-09,Centro,Centro Hospitalar Universitário Cova da Beira - E.P.E.,40.2804158--7.4922407,Grupo C,493506.88,181,302.9508164518109
2019-09,LVT,Centro Hospitalar Universitário de Lisboa Norte - E.P.E.,38.7500861--9.1616116,Grupo E,16103282.62,4538,394.2824205474756
2019-09,Norte,Centro Hospitalar Universitário do Porto - E.P.E.,41.1472498--8.6172617,Grupo E,9678300.91,3058,351.65688939757285
2019-09,Norte,Hospital da Senhora da Oliveira Guimarães - E.P.E.,41.4387173--8.3086907,Grupo C,1463522.82,345,471.3439033816425
2019-09,Norte,Unidade Local de Saúde do Alto Minho - E.P.E.,41.7056054--8.8252713,Grupo C,1090175.45,248,488.42986111111105
2020-03,Norte,Centro Hospitalar do Tâmega e Sousa - E.P.E.,41.2494561--8.264901,Grupo C,423608.22,295,478.65335593220334
2020-03,Centro,Centro Hospitalar Tondela-Viseu - E.P.E..,40.516364--8.0827433,Grupo D,444079.24,281,526.7843890865955
2020-03,Centro,Centro Hospitalar do Baixo Vouga - E.P.E.,40.6362453--8.6543716,Grupo C,817566.21,585,465.8496923076923
2020-03,LVT,Hospital Distrital de Santarém - E.P.E.,39.2410946--8.6937515,Grupo C,1222403.91,712,572.2864747191011
2020-03,LVT,Centro Hospitalar Universitário de Lisboa Norte - E.P.E.,38.7500861--9.1616116,Grupo E,5899627.97,3998,491.88160496915117
2020-03,LVT,Centro Hospitalar Barreiro Montijo - E.P.E.,38.6554005--9.0592392,Grupo C,1285724.25,745,575.2681208053691
2020-03,LVT,Centro Hospitalar do Oeste - E.P.E.,39.4054629--9.1258493,Grupo B,596090.13,404,491.8235396039604
2020-03,Alentejo,Unidade Local de Saúde do Norte Alentejano - E.P.E.,39.3003425--7.4263845,Grupo C,66973.4,106,210.60817610062892
2019-12,Norte,Unidade Local de Saúde de Matosinhos - E.P.E.,41.1794456--8.6745115,Grupo C,4332348.68,912,395.86519371345025
2019-12,Norte,Centro Hospitalar de Vila Nova de Gaia/ Espinho - E.P.E.,41.1094138--8.5972617,Grupo D,6752749.55,1313,428.58273356181775
2019-12,Centro,Centro Hospitalar e Universitario de Coimbra - E.P.E.,40.2191523--8.4098211,Grupo E,11876829.56,3024,327.2935835537919
2019-12,LVT,Centro Hospitalar de Setubal - E.P.E.,38.5283754--8.8818638,Grupo C,7404090.63,1231,501.22465678310317
2019-12,LVT,Centro Hospitalar Universitário de Lisboa Norte - E.P.E.,38.7500861--9.1616116,Grupo E,21298410.54,4730,375.23626744186043
2019-12,LVT,Centro Hospitalar Universitário Lisboa Central - E.P.E.,38.7166948--9.1371248,Grupo E,33090017.93,5981,461.04355361422284
2020-06,Norte,Centro Hospitalar do Tâmega e Sousa - E.P.E.,41.2494561--8.264901,Grupo C,799705.84,316,421.78578059071725
2020-06,Algarve,Centro Hospitalar Universitário do Algarve - E.P.E.,37.0238973--7.9281554,Grupo D,4323393.0,1870,385.3291443850267
2020-06,LVT,Hospital Garcia da Orta - E.P.E.,38.6658713--9.1822554,Grupo D,3928141.02,1891,346.2137334743522
2020-06,LVT,Hospital Prof. Doutor Fernando Fonseca - E.P.E.,38.7422257--9.2264834,Grupo D,7779432.92,2763,469.2624514416697
2020-09,LVT,Centro Hospitalar de Setúbal - E.P.E.,38.5283754--8.8818638,Grupo C,5560530.52,1239,498.6575661375661
2020-09,LVT,Centro Hospitalar do Oeste - E.P.E.,39.4054629--9.1258493,Grupo B,1586730.6,442,398.8764705882353
2020-09,Centro,Centro Hospitalar e Universitário de Coimbra - E.P.E.,40.2191523--8.4098211,Grupo E,8949534.07,3431,289.82590336474624
2020-12,Norte,Centro Hospitalar Universitário de São João - E.P.E.,41.1831056--8.6010558,Grupo E,10968604.39,2839,321.96208729599624
2020-12,Norte,Unidade Local de Saúde do Alto Minho - E.P.E.,41.7056054--8.8252713,Grupo C,1418988.34,262,451.332169211196
2020-12,Centro,Centro Hospitalar Tondela-Viseu - E.P.E..,40.516364--8.0827433,Grupo D,1581697.45,320,411.90037760416664
2020-12,Centro,Centro Hospitalar do Baixo Vouga - E.P.E.,40.6362453--8.6543716,Grupo C,3132157.8099999996,692,377.18663415221573
2021-06,Norte,Hospital da Senhora da Oliveira Guimarães - E.P.E.,41.4387173--8.3086907,Grupo C,1029066.2400000002,351,488.6354415954417
2021-06,Centro,Centro Hospitalar do Baixo Vouga - E.P.E.,40.6362453--8.6543716,Grupo C,1716136.4900000002,673,424.9966542842992
2021-06,Norte,Unidade Local de Saúde do Alto Minho - E.P.E.,41.7056054--8.8252713,Grupo C,751659.53,238,526.3722198879552
2021-06,Alentejo,Unidade Local de Saúde do Norte Alentejano - E.P.E.,39.3003425--7.4263845,Grupo C,219306.63,129,283.34189922480624
2021-06,Norte,Centro Hospitalar de Vila Nova de Gaia/ Espinho - E.P.E.,41.1094138--8.5972617,Grupo D,3436342.3600000003,1304,439.20531186094075
2021-06,Centro,Centro Hospitalar Universitário Cova da Beira - E.P.E.,40.2804158--7.4922407,Grupo C,426010.4800000001,163,435.5935378323109
2022-03,Norte,Centro Hospitalar de Tras os Montes e Alto Douro - E.P.E.,41.3031784--7.7515252,Grupo D,332939.77,273,406.51986568986575
2022-03,Centro,Centro Hospitalar e Universitário de Coimbra - E.P.E.,40.2191523--8.4098211,Grupo E,3149595.49,2544,412.6828472222223
