ano,regiao,grupo_terapeutico,encargos_sns_ambulatorio
2011,Alentejo,Aparelho cardiovascular,21530969.62
2011,Alentejo,Sistema nervoso central,16251647.99
2011,Alentejo,Doenças Endócrinas,9617400.70
2011,Alentejo,Aparelho locomotor,4055860.93
2011,Alentejo,Aparelho digestivo,3264733.38
2011,Alentejo,Medicamentos anti-infecciosos,2501430.73
2011,Alentejo,Aparelho respiratório,3369266.74
2011,Alentejo,Sangue,3127136.19
2011,Alentejo,Medicamentos usados em afecções oculares,1335908.37
2011,Alentejo,Aparelho geniturinário,1176484.45
2011,Alentejo,Medicação antialérgica,296576.14
2011,Alentejo,Medicamentos usados em afecções cutâneas,305531.03
2011,Alentejo,Medicamentos antineoplásicos e imunomoduladores,328961.81
2011,Alentejo,Medicamentos usados em afecções otorrinolaringológicas,145951.78
2011,Alentejo,Nutrição e metabolismo,101461.25
2011,Alentejo,Vacinas e imunoglobulinas,158687.71
2011,Alentejo,Medicamentos usados no tratamento de intoxicações,5465.81
2011,Alentejo,Correctivos da volémia e das alterações electrolíticas,2701.30
2011,Algarve,Aparelho cardiovascular,15566079.66
2011,Algarve,Sistema nervoso central,10627551.52
2011,Algarve,Doenças Endócrinas,8119801.92
2011,Algarve,Aparelho locomotor,3625041.23
2011,Algarve,Aparelho digestivo,2414231.67
2011,Algarve,Medicamentos anti-infecciosos,2516197.79
2011,Algarve,Aparelho respiratório,2622883.69
2011,Algarve,Sangue,1890013.02
2011,Algarve,Medicamentos usados em afecções oculares,932882.89
2011,Algarve,Aparelho geniturinário,957254.03
2011,Algarve,Medicação antialérgica,217629.39
2011,Algarve,Medicamentos usados em afecções cutâneas,397395.39
2011,Algarve,Medicamentos antineoplásicos e imunomoduladores,259279.72
2011,Algarve,Medicamentos usados em afecções otorrinolaringológicas,133822.00
2011,Algarve,Nutrição e metabolismo,72435.65
2011,Algarve,Vacinas e imunoglobulinas,121890.37
2011,Algarve,Medicamentos usados no tratamento de intoxicações,8942.26
2011,Algarve,Correctivos da volémia e das alterações electrolíticas,1775.74
2011,Lisboa e Vale do Tejo,Aparelho cardiovascular,135481411.73
2011,Lisboa e Vale do Tejo,Sistema nervoso central,106750892.13
2011,Lisboa e Vale do Tejo,Doenças Endócrinas,66291317.16
2011,Lisboa e Vale do Tejo,Aparelho locomotor,28840288.13
2011,Lisboa e Vale do Tejo,Aparelho digestivo,21778447.43
2011,Lisboa e Vale do Tejo,Medicamentos anti-infecciosos,20678277.27
2011,Lisboa e Vale do Tejo,Aparelho respiratório,28912232.84
2011,Lisboa e Vale do Tejo,Sangue,17176222.87
2011,Lisboa e Vale do Tejo,Medicamentos usados em afecções oculares,11409907.14
2011,Lisboa e Vale do Tejo,Aparelho geniturinário,7029410.45
2011,Lisboa e Vale do Tejo,Medicação antialérgica,2373547.90
2011,Lisboa e Vale do Tejo,Medicamentos usados em afecções cutâneas,3515644.36
2011,Lisboa e Vale do Tejo,Medicamentos antineoplásicos e imunomoduladores,3059851.78
2011,Lisboa e Vale do Tejo,Medicamentos usados em afecções otorrinolaringológicas,1739152.31
2011,Lisboa e Vale do Tejo,Nutrição e metabolismo,765827.96
2011,Lisboa e Vale do Tejo,Vacinas e imunoglobulinas,1313130.91
2011,Lisboa e Vale do Tejo,Medicamentos usados no tratamento de intoxicações,54654.85
2011,Lisboa e Vale do Tejo,Correctivos da volémia e das alterações electrolíticas,33368.05
2011,Centro,Aparelho cardiovascular,106616588.55
2011,Centro,Sistema nervoso central,75468532.94
2011,Centro,Doenças Endócrinas,53914995.88
2011,Centro,Aparelho locomotor,23969479.33
2011,Centro,Aparelho digestivo,14982644.60
2011,Centro,Medicamentos anti-infecciosos,14298173.00
2011,Centro,Aparelho respiratório,18930405.72
2011,Centro,Sangue,14965613.73
2011,Centro,Medicamentos usados em afecções oculares,8505832.36
2011,Centro,Aparelho geniturinário,6701294.22
2011,Centro,Medicação antialérgica,1245164.48
2011,Centro,Medicamentos usados em afecções cutâneas,2335470.93
2011,Centro,Medicamentos antineoplásicos e imunomoduladores,2144710.24
2011,Centro,Medicamentos usados em afecções otorrinolaringológicas,721291.43
2011,Centro,Nutrição e metabolismo,546773.27
2011,Centro,Vacinas e imunoglobulinas,1016309.23
2011,Centro,Medicamentos usados no tratamento de intoxicações,39708.94
2011,Centro,Correctivos da volémia e das alterações electrolíticas,27171.89
2011,Norte,Aparelho cardiovascular,116556270.37
2011,Norte,Sistema nervoso central,85116180.52
2011,Norte,Doenças Endócrinas,69519118.40
2011,Norte,Aparelho locomotor,27240688.56
2011,Norte,Aparelho digestivo,19408538.14
2011,Norte,Medicamentos anti-infecciosos,18978270.04
2011,Norte,Aparelho respiratório,26207587.52
2011,Norte,Sangue,15831007.94
2011,Norte,Medicamentos usados em afecções oculares,7439356.51
2011,Norte,Aparelho geniturinário,6830440.00
2011,Norte,Medicação antialérgica,1675826.18
2011,Norte,Medicamentos usados em afecções cutâneas,3319274.72
2011,Norte,Medicamentos antineoplásicos e imunomoduladores,3135067.09
2011,Norte,Medicamentos usados em afecções otorrinolaringológicas,891347.80
2011,Norte,Nutrição e metabolismo,665849.41
2011,Norte,Vacinas e imunoglobulinas,1452565.75
2011,Norte,Medicamentos usados no tratamento de intoxicações,19172.51
2011,Norte,Correctivos da volémia e das alterações electrolíticas,17903.79
2012,Alentejo,Aparelho cardiovascular,17756493.58
2012,Alentejo,Sistema nervoso central,13984305.66
2012,Alentejo,Doenças Endócrinas,9716139.45
2012,Alentejo,Aparelho locomotor,3277179.72
2012,Alentejo,Aparelho digestivo,1777869.93
2012,Alentejo,Medicamentos anti-infecciosos,2050675.57
2012,Alentejo,Aparelho respiratório,3259849.49
2012,Alentejo,Sangue,1959917.04
2012,Alentejo,Medicamentos usados em afecções oculares,1276825.29
2012,Alentejo,Aparelho geniturinário,1014389.79
2012,Alentejo,Medicação antialérgica,240305.80
2012,Alentejo,Medicamentos usados em afecções cutâneas,296121.56
2012,Alentejo,Medicamentos antineoplásicos e imunomoduladores,286597.71
2012,Alentejo,Medicamentos usados em afecções otorrinolaringológicas,131702.97
2012,Alentejo,Nutrição e metabolismo,84763.88
2012,Alentejo,Vacinas e imunoglobulinas,60963.36
2012,Alentejo,Medicamentos usados no tratamento de intoxicações,3572.21
2012,Alentejo,Correctivos da volémia e das alterações electrolíticas,4900.27
2012,Algarve,Aparelho cardiovascular,13291423.69
2012,Algarve,Sistema nervoso central,9694901.26
2012,Algarve,Doenças Endócrinas,8170766.04
2012,Algarve,Aparelho locomotor,3052747.67
2012,Algarve,Aparelho digestivo,1301183.57
2012,Algarve,Medicamentos anti-infecciosos,2002767.90
2012,Algarve,Aparelho respiratório,2567504.19
2012,Algarve,Sangue,1586742.67
2012,Algarve,Medicamentos usados em afecções oculares,921288.04
2012,Algarve,Aparelho geniturinário,835914.71
2012,Algarve,Medicação antialérgica,179973.87
2012,Algarve,Medicamentos usados em afecções cutâneas,409425.06
2012,Algarve,Medicamentos antineoplásicos e imunomoduladores,260890.03
2012,Algarve,Medicamentos usados em afecções otorrinolaringológicas,122487.86
2012,Algarve,Nutrição e metabolismo,60143.29
2012,Algarve,Vacinas e imunoglobulinas,70518.95
2012,Algarve,Medicamentos usados no tratamento de intoxicações,12097.49
2012,Algarve,Correctivos da volémia e das alterações electrolíticas,1529.10
2012,Lisboa e Vale do Tejo,Aparelho cardiovascular,114554030.01
2012,Lisboa e Vale do Tejo,Sistema nervoso central,95282087.40
2012,Lisboa e Vale do Tejo,Doenças Endócrinas,67904953.19
2012,Lisboa e Vale do Tejo,Aparelho locomotor,24248331.37
2012,Lisboa e Vale do Tejo,Aparelho digestivo,12608989.88
2012,Lisboa e Vale do Tejo,Medicamentos anti-infecciosos,17252624.58
2012,Lisboa e Vale do Tejo,Aparelho respiratório,29017335.54
2012,Lisboa e Vale do Tejo,Sangue,13536875.86
2012,Lisboa e Vale do Tejo,Medicamentos usados em afecções oculares,11139606.56
2012,Lisboa e Vale do Tejo,Aparelho geniturinário,6080945.12
2012,Lisboa e Vale do Tejo,Medicação antialérgica,1989803.35
2012,Lisboa e Vale do Tejo,Medicamentos usados em afecções cutâneas,3531934.32
2012,Lisboa e Vale do Tejo,Medicamentos antineoplásicos e imunomoduladores,2769860.16
2012,Lisboa e Vale do Tejo,Medicamentos usados em afecções otorrinolaringológicas,1652406.13
2012,Lisboa e Vale do Tejo,Nutrição e metabolismo,676256.16
2012,Lisboa e Vale do Tejo,Vacinas e imunoglobulinas,886882.84
2012,Lisboa e Vale do Tejo,Medicamentos usados no tratamento de intoxicações,48346.70
2012,Lisboa e Vale do Tejo,Correctivos da volémia e das alterações electrolíticas,29504.26
2012,Centro,Aparelho cardiovascular,91163433.02
2012,Centro,Sistema nervoso central,67662559.63
2012,Centro,Doenças Endócrinas,54780667.77
2012,Centro,Aparelho locomotor,20445325.21
2012,Centro,Aparelho digestivo,8957373.09
2012,Centro,Medicamentos anti-infecciosos,11911671.33
2012,Centro,Aparelho respiratório,19139965.69
2012,Centro,Sangue,11668089.15
2012,Centro,Medicamentos usados em afecções oculares,8200824.04
2012,Centro,Aparelho geniturinário,6025497.99
2012,Centro,Medicação antialérgica,1115572.80
2012,Centro,Medicamentos usados em afecções cutâneas,2378104.15
2012,Centro,Medicamentos antineoplásicos e imunomoduladores,2006377.02
2012,Centro,Medicamentos usados em afecções otorrinolaringológicas,721355.37
2012,Centro,Nutrição e metabolismo,527094.20
2012,Centro,Vacinas e imunoglobulinas,546102.01
2012,Centro,Medicamentos usados no tratamento de intoxicações,40102.29
2012,Centro,Correctivos da volémia e das alterações electrolíticas,26945.17
2012,Norte,Aparelho cardiovascular,99660108.49
2012,Norte,Sistema nervoso central,75432839.73
2012,Norte,Doenças Endócrinas,70678983.90
2012,Norte,Aparelho locomotor,23608477.91
2012,Norte,Aparelho digestivo,12025101.35
2012,Norte,Medicamentos anti-infecciosos,16260083.65
2012,Norte,Aparelho respiratório,26912118.38
2012,Norte,Sangue,12188933.14
2012,Norte,Medicamentos usados em afecções oculares,7488272.54
2012,Norte,Aparelho geniturinário,6126896.38
2012,Norte,Medicação antialérgica,1488586.59
2012,Norte,Medicamentos usados em afecções cutâneas,3486181.97
2012,Norte,Medicamentos antineoplásicos e imunomoduladores,2966184.53
2012,Norte,Medicamentos usados em afecções otorrinolaringológicas,894920.58
2012,Norte,Nutrição e metabolismo,650316.72
2012,Norte,Vacinas e imunoglobulinas,919541.98
2012,Norte,Medicamentos usados no tratamento de intoxicações,16867.47
2012,Norte,Correctivos da volémia e das alterações electrolíticas,18334.36
2013,Alentejo,Aparelho cardiovascular,15979285.65
2013,Alentejo,Sistema nervoso central,13052962.80
2013,Alentejo,Doenças Endócrinas,10696739.56
2013,Alentejo,Aparelho locomotor,2944088.90
2013,Alentejo,Aparelho digestivo,1652023.14
2013,Alentejo,Medicamentos anti-infecciosos,2059295.09
2013,Alentejo,Aparelho respiratório,3406149.81
2013,Alentejo,Sangue,2117580.61
2013,Alentejo,Medicamentos usados em afecções oculares,1258259.79
2013,Alentejo,Aparelho geniturinário,1082681.55
2013,Alentejo,Medicação antialérgica,207776.12
2013,Alentejo,Medicamentos usados em afecções cutâneas,316734.91
2013,Alentejo,Medicamentos antineoplásicos e imunomoduladores,305443.00
2013,Alentejo,Medicamentos usados em afecções otorrinolaringológicas,142004.73
2013,Alentejo,Nutrição e metabolismo,83863.31
2013,Alentejo,Vacinas e imunoglobulinas,42911.70
2013,Alentejo,Medicamentos usados no tratamento de intoxicações,40493.17
2013,Alentejo,Correctivos da volémia e das alterações electrolíticas,5441.80
2013,Algarve,Aparelho cardiovascular,12228065.59
2013,Algarve,Sistema nervoso central,9675726.24
2013,Algarve,Doenças Endócrinas,8939305.62
2013,Algarve,Aparelho locomotor,2851504.28
2013,Algarve,Aparelho digestivo,1287339.11
2013,Algarve,Medicamentos anti-infecciosos,2077112.95
2013,Algarve,Aparelho respiratório,2773966.79
2013,Algarve,Sangue,1884563.45
2013,Algarve,Medicamentos usados em afecções oculares,922111.40
2013,Algarve,Aparelho geniturinário,902841.03
2013,Algarve,Medicação antialérgica,156975.39
2013,Algarve,Medicamentos usados em afecções cutâneas,442565.16
2013,Algarve,Medicamentos antineoplásicos e imunomoduladores,295373.86
2013,Algarve,Medicamentos usados em afecções otorrinolaringológicas,142270.06
2013,Algarve,Nutrição e metabolismo,67181.53
2013,Algarve,Vacinas e imunoglobulinas,61124.03
2013,Algarve,Medicamentos usados no tratamento de intoxicações,48662.02
2013,Algarve,Correctivos da volémia e das alterações electrolíticas,2061.43
2013,Lisboa e Vale do Tejo,Aparelho cardiovascular,105009949.87
2013,Lisboa e Vale do Tejo,Sistema nervoso central,93627710.76
2013,Lisboa e Vale do Tejo,Doenças Endócrinas,75543379.23
2013,Lisboa e Vale do Tejo,Aparelho locomotor,23072381.23
2013,Lisboa e Vale do Tejo,Aparelho digestivo,12410812.07
2013,Lisboa e Vale do Tejo,Medicamentos anti-infecciosos,17495330.20
2013,Lisboa e Vale do Tejo,Aparelho respiratório,30937150.10
2013,Lisboa e Vale do Tejo,Sangue,16843837.19
2013,Lisboa e Vale do Tejo,Medicamentos usados em afecções oculares,11465339.15
2013,Lisboa e Vale do Tejo,Aparelho geniturinário,6659879.89
2013,Lisboa e Vale do Tejo,Medicação antialérgica,1839112.06
2013,Lisboa e Vale do Tejo,Medicamentos usados em afecções cutâneas,3824507.51
2013,Lisboa e Vale do Tejo,Medicamentos antineoplásicos e imunomoduladores,3010765.00
2013,Lisboa e Vale do Tejo,Medicamentos usados em afecções otorrinolaringológicas,1916414.90
2013,Lisboa e Vale do Tejo,Nutrição e metabolismo,754575.58
2013,Lisboa e Vale do Tejo,Vacinas e imunoglobulinas,811968.85
2013,Lisboa e Vale do Tejo,Medicamentos usados no tratamento de intoxicações,150115.55
2013,Lisboa e Vale do Tejo,Correctivos da volémia e das alterações electrolíticas,32956.77
2013,Centro,Aparelho cardiovascular,80585023.54
2013,Centro,Sistema nervoso central,64300872.69
2013,Centro,Doenças Endócrinas,59290570.43
2013,Centro,Aparelho locomotor,18675181.32
2013,Centro,Aparelho digestivo,8245276.98
2013,Centro,Medicamentos anti-infecciosos,11488575.19
2013,Centro,Aparelho respiratório,19869199.30
2013,Centro,Sangue,13702935.59
2013,Centro,Medicamentos usados em afecções oculares,7873580.40
2013,Centro,Aparelho geniturinário,6273550.06
2013,Centro,Medicação antialérgica,957081.98
2013,Centro,Medicamentos usados em afecções cutâneas,2474379.44
2013,Centro,Medicamentos antineoplásicos e imunomoduladores,2012812.73
2013,Centro,Medicamentos usados em afecções otorrinolaringológicas,823760.50
2013,Centro,Nutrição e metabolismo,565930.55
2013,Centro,Vacinas e imunoglobulinas,430719.43
2013,Centro,Medicamentos usados no tratamento de intoxicações,112560.48
2013,Centro,Correctivos da volémia e das alterações electrolíticas,31869.91
2013,Norte,Aparelho cardiovascular,90196011.97
2013,Norte,Sistema nervoso central,72277882.29
2013,Norte,Doenças Endócrinas,77095673.36
2013,Norte,Aparelho locomotor,22218005.96
2013,Norte,Aparelho digestivo,11725252.75
2013,Norte,Medicamentos anti-infecciosos,16016384.70
2013,Norte,Aparelho respiratório,28571871.28
2013,Norte,Sangue,14122249.59
2013,Norte,Medicamentos usados em afecções oculares,7543620.82
2013,Norte,Aparelho geniturinário,6517401.66
2013,Norte,Medicação antialérgica,1325046.33
2013,Norte,Medicamentos usados em afecções cutâneas,3711613.13
2013,Norte,Medicamentos antineoplásicos e imunomoduladores,3050546.64
2013,Norte,Medicamentos usados em afecções otorrinolaringológicas,1052738.25
2013,Norte,Nutrição e metabolismo,705155.91
2013,Norte,Vacinas e imunoglobulinas,766890.43
2013,Norte,Medicamentos usados no tratamento de intoxicações,29560.62
2013,Norte,Correctivos da volémia e das alterações electrolíticas,20916.82
2014,Alentejo,Aparelho cardiovascular,15373458.24
2014,Alentejo,Sistema nervoso central,13554221.20
2014,Alentejo,Doenças Endócrinas,11294402.49
2014,Alentejo,Aparelho locomotor,2595822.40
2014,Alentejo,Aparelho digestivo,1640463.55
2014,Alentejo,Medicamentos anti-infecciosos,2019543.30
2014,Alentejo,Aparelho respiratório,3166910.72
2014,Alentejo,Sangue,2527111.77
2014,Alentejo,Medicamentos usados em afecções oculares,1195416.59
2014,Alentejo,Aparelho geniturinário,1159188.48
2014,Alentejo,Medicação antialérgica,269782.84
2014,Alentejo,Medicamentos usados em afecções cutâneas,335005.67
2014,Alentejo,Medicamentos antineoplásicos e imunomoduladores,358975.40
2014,Alentejo,Medicamentos usados em afecções otorrinolaringológicas,147208.49
2014,Alentejo,Nutrição e metabolismo,29094.43
2014,Alentejo,Vacinas e imunoglobulinas,47040.07
2014,Alentejo,Medicamentos usados no tratamento de intoxicações,70488.14
2014,Alentejo,Correctivos da volémia e das alterações electrolíticas,6313.26
2014,Algarve,Aparelho cardiovascular,11603073.93
2014,Algarve,Sistema nervoso central,9944948.34
2014,Algarve,Doenças Endócrinas,9483846.26
2014,Algarve,Aparelho locomotor,2508467.93
2014,Algarve,Aparelho digestivo,1285250.65
2014,Algarve,Medicamentos anti-infecciosos,2053002.93
2014,Algarve,Aparelho respiratório,2562170.66
2014,Algarve,Sangue,2236259.42
2014,Algarve,Medicamentos usados em afecções oculares,884697.95
2014,Algarve,Aparelho geniturinário,983012.23
2014,Algarve,Medicação antialérgica,216496.14
2014,Algarve,Medicamentos usados em afecções cutâneas,457429.12
2014,Algarve,Medicamentos antineoplásicos e imunomoduladores,354913.50
2014,Algarve,Medicamentos usados em afecções otorrinolaringológicas,149050.17
2014,Algarve,Nutrição e metabolismo,25719.34
2014,Algarve,Vacinas e imunoglobulinas,58996.38
2014,Algarve,Medicamentos usados no tratamento de intoxicações,65442.20
2014,Algarve,Correctivos da volémia e das alterações electrolíticas,1790.92
2014,Lisboa e Vale do Tejo,Aparelho cardiovascular,99833392.19
2014,Lisboa e Vale do Tejo,Sistema nervoso central,97257882.07
2014,Lisboa e Vale do Tejo,Doenças Endócrinas,79956398.55
2014,Lisboa e Vale do Tejo,Aparelho locomotor,20691686.43
2014,Lisboa e Vale do Tejo,Aparelho digestivo,12387085.07
2014,Lisboa e Vale do Tejo,Medicamentos anti-infecciosos,17429283.72
2014,Lisboa e Vale do Tejo,Aparelho respiratório,29080518.36
2014,Lisboa e Vale do Tejo,Sangue,21061033.35
2014,Lisboa e Vale do Tejo,Medicamentos usados em afecções oculares,10792872.72
2014,Lisboa e Vale do Tejo,Aparelho geniturinário,7232808.41
2014,Lisboa e Vale do Tejo,Medicação antialérgica,2307072.20
2014,Lisboa e Vale do Tejo,Medicamentos usados em afecções cutâneas,4134680.64
2014,Lisboa e Vale do Tejo,Medicamentos antineoplásicos e imunomoduladores,3395932.20
2014,Lisboa e Vale do Tejo,Medicamentos usados em afecções otorrinolaringológicas,1961740.42
2014,Lisboa e Vale do Tejo,Nutrição e metabolismo,277468.89
2014,Lisboa e Vale do Tejo,Vacinas e imunoglobulinas,773551.23
2014,Lisboa e Vale do Tejo,Medicamentos usados no tratamento de intoxicações,319149.45
2014,Lisboa e Vale do Tejo,Correctivos da volémia e das alterações electrolíticas,38808.86
2014,Centro,Aparelho cardiovascular,76835032.16
2014,Centro,Sistema nervoso central,66422631.42
2014,Centro,Doenças Endócrinas,63027835.82
2014,Centro,Aparelho locomotor,16450464.89
2014,Centro,Aparelho digestivo,8183283.78
2014,Centro,Medicamentos anti-infecciosos,11233617.40
2014,Centro,Aparelho respiratório,18849835.08
2014,Centro,Sangue,17294487.07
2014,Centro,Medicamentos usados em afecções oculares,7412884.99
2014,Centro,Aparelho geniturinário,6751055.15
2014,Centro,Medicação antialérgica,1222830.39
2014,Centro,Medicamentos usados em afecções cutâneas,2624546.33
2014,Centro,Medicamentos antineoplásicos e imunomoduladores,2175435.24
2014,Centro,Medicamentos usados em afecções otorrinolaringológicas,835920.85
2014,Centro,Nutrição e metabolismo,191655.46
2014,Centro,Vacinas e imunoglobulinas,405405.36
2014,Centro,Medicamentos usados no tratamento de intoxicações,167258.58
2014,Centro,Correctivos da volémia e das alterações electrolíticas,30995.43
2014,Norte,Aparelho cardiovascular,86176609.54
2014,Norte,Sistema nervoso central,74859154.52
2014,Norte,Doenças Endócrinas,81817690.75
2014,Norte,Aparelho locomotor,19670478.97
2014,Norte,Aparelho digestivo,11886520.44
2014,Norte,Medicamentos anti-infecciosos,16001439.22
2014,Norte,Aparelho respiratório,27750283.24
2014,Norte,Sangue,16909929.82
2014,Norte,Medicamentos usados em afecções oculares,7419009.73
2014,Norte,Aparelho geniturinário,7101617.50
2014,Norte,Medicação antialérgica,1717076.53
2014,Norte,Medicamentos usados em afecções cutâneas,3940794.00
2014,Norte,Medicamentos antineoplásicos e imunomoduladores,3282998.52
2014,Norte,Medicamentos usados em afecções otorrinolaringológicas,1108098.34
2014,Norte,Nutrição e metabolismo,217255.34
2014,Norte,Vacinas e imunoglobulinas,718865.07
2014,Norte,Medicamentos usados no tratamento de intoxicações,41241.59
2014,Norte,Correctivos da volémia e das alterações electrolíticas,22011.30
2015,Alentejo,Aparelho cardiovascular,14445022.80
2015,Alentejo,Sistema nervoso central,13096862.83
2015,Alentejo,Doenças Endócrinas,11778834.47
2015,Alentejo,Aparelho locomotor,2340931.79
2015,Alentejo,Aparelho digestivo,1606629.75
2015,Alentejo,Medicamentos anti-infecciosos,1948866.40
2015,Alentejo,Aparelho respiratório,3207746.03
2015,Alentejo,Sangue,3251962.57
2015,Alentejo,Medicamentos usados em afecções oculares,1239847.33
2015,Alentejo,Aparelho geniturinário,1163416.22
2015,Alentejo,Medicação antialérgica,290878.19
2015,Alentejo,Medicamentos usados em afecções cutâneas,331371.95
2015,Alentejo,Medicamentos antineoplásicos e imunomoduladores,380813.97
2015,Alentejo,Medicamentos usados em afecções otorrinolaringológicas,122353.75
2015,Alentejo,Nutrição e metabolismo,33319.17
2015,Alentejo,Vacinas e imunoglobulinas,58634.74
2015,Alentejo,Medicamentos usados no tratamento de intoxicações,51699.67
2015,Alentejo,Correctivos da volémia e das alterações electrolíticas,7769.03
2015,Algarve,Aparelho cardiovascular,11094889.39
2015,Algarve,Sistema nervoso central,9747395.75
2015,Algarve,Doenças Endócrinas,10301764.68
2015,Algarve,Aparelho locomotor,2260614.72
2015,Algarve,Aparelho digestivo,1257518.19
2015,Algarve,Medicamentos anti-infecciosos,1996141.53
2015,Algarve,Aparelho respiratório,2710044.34
2015,Algarve,Sangue,2948638.63
2015,Algarve,Medicamentos usados em afecções oculares,965009.16
2015,Algarve,Aparelho geniturinário,1017934.07
2015,Algarve,Medicação antialérgica,234183.26
2015,Algarve,Medicamentos usados em afecções cutâneas,468077.99
2015,Algarve,Medicamentos antineoplásicos e imunomoduladores,392472.52
2015,Algarve,Medicamentos usados em afecções otorrinolaringológicas,93633.70
2015,Algarve,Nutrição e metabolismo,27927.71
2015,Algarve,Vacinas e imunoglobulinas,74136.48
2015,Algarve,Medicamentos usados no tratamento de intoxicações,66678.34
2015,Algarve,Correctivos da volémia e das alterações electrolíticas,2028.08
2015,Lisboa e Vale do Tejo,Aparelho cardiovascular,92874475.80
2015,Lisboa e Vale do Tejo,Sistema nervoso central,94836625.04
2015,Lisboa e Vale do Tejo,Doenças Endócrinas,86242830.83
2015,Lisboa e Vale do Tejo,Aparelho locomotor,18967486.28
2015,Lisboa e Vale do Tejo,Aparelho digestivo,12233588.62
2015,Lisboa e Vale do Tejo,Medicamentos anti-infecciosos,16938658.09
2015,Lisboa e Vale do Tejo,Aparelho respiratório,30380370.03
2015,Lisboa e Vale do Tejo,Sangue,27649324.03
2015,Lisboa e Vale do Tejo,Medicamentos usados em afecções oculares,11321634.23
2015,Lisboa e Vale do Tejo,Aparelho geniturinário,7341055.13
2015,Lisboa e Vale do Tejo,Medicação antialérgica,2460119.12
2015,Lisboa e Vale do Tejo,Medicamentos usados em afecções cutâneas,4246428.57
2015,Lisboa e Vale do Tejo,Medicamentos antineoplásicos e imunomoduladores,3569228.55
2015,Lisboa e Vale do Tejo,Medicamentos usados em afecções otorrinolaringológicas,1450692.94
2015,Lisboa e Vale do Tejo,Nutrição e metabolismo,305354.95
2015,Lisboa e Vale do Tejo,Vacinas e imunoglobulinas,1018598.90
2015,Lisboa e Vale do Tejo,Medicamentos usados no tratamento de intoxicações,368733.08
2015,Lisboa e Vale do Tejo,Correctivos da volémia e das alterações electrolíticas,45234.88
2015,Centro,Aparelho cardiovascular,71737466.84
2015,Centro,Sistema nervoso central,64907753.68
2015,Centro,Doenças Endócrinas,67611915.27
2015,Centro,Aparelho locomotor,14710012.70
2015,Centro,Aparelho digestivo,8136043.90
2015,Centro,Medicamentos anti-infecciosos,10783279.21
2015,Centro,Aparelho respiratório,19866313.71
2015,Centro,Sangue,22830943.37
2015,Centro,Medicamentos usados em afecções oculares,7799801.38
2015,Centro,Aparelho geniturinário,6898490.14
2015,Centro,Medicação antialérgica,1284318.69
2015,Centro,Medicamentos usados em afecções cutâneas,2695342.42
2015,Centro,Medicamentos antineoplásicos e imunomoduladores,2096057.37
2015,Centro,Medicamentos usados em afecções otorrinolaringológicas,618024.93
2015,Centro,Nutrição e metabolismo,212949.56
2015,Centro,Vacinas e imunoglobulinas,532027.86
2015,Centro,Medicamentos usados no tratamento de intoxicações,204559.60
2015,Centro,Correctivos da volémia e das alterações electrolíticas,37536.85
2015,Norte,Aparelho cardiovascular,80638312.34
2015,Norte,Sistema nervoso central,74609102.06
2015,Norte,Doenças Endócrinas,87938647.81
2015,Norte,Aparelho locomotor,17909719.52
2015,Norte,Aparelho digestivo,11901579.38
2015,Norte,Medicamentos anti-infecciosos,15580462.17
2015,Norte,Aparelho respiratório,29231854.49
2015,Norte,Sangue,21789277.52
2015,Norte,Medicamentos usados em afecções oculares,7891364.31
2015,Norte,Aparelho geniturinário,7281483.96
2015,Norte,Medicação antialérgica,1852823.38
2015,Norte,Medicamentos usados em afecções cutâneas,4062157.57
2015,Norte,Medicamentos antineoplásicos e imunomoduladores,3216361.17
2015,Norte,Medicamentos usados em afecções otorrinolaringológicas,742412.23
2015,Norte,Nutrição e metabolismo,264940.81
2015,Norte,Vacinas e imunoglobulinas,965827.88
2015,Norte,Medicamentos usados no tratamento de intoxicações,47612.34
2015,Norte,Correctivos da volémia e das alterações electrolíticas,26920.21
2016,Alentejo,Aparelho cardiovascular,13949443.26
2016,Alentejo,Sistema nervoso central,12539219.90
2016,Alentejo,Doenças Endócrinas,12060058.13
2016,Alentejo,Aparelho locomotor,2242282.56
2016,Alentejo,Aparelho digestivo,1621223.92
2016,Alentejo,Medicamentos anti-infecciosos,1947292.20
2016,Alentejo,Aparelho respiratório,3272642.08
2016,Alentejo,Sangue,4095087.73
2016,Alentejo,Medicamentos usados em afecções oculares,1220804.92
2016,Alentejo,Aparelho geniturinário,1157903.93
2016,Alentejo,Medicação antialérgica,301726.16
2016,Alentejo,Medicamentos usados em afecções cutâneas,314546.93
2016,Alentejo,Medicamentos antineoplásicos e imunomoduladores,366607.00
2016,Alentejo,Medicamentos usados em afecções otorrinolaringológicas,114093.84
2016,Alentejo,Nutrição e metabolismo,67615.89
2016,Alentejo,Vacinas e imunoglobulinas,57349.09
2016,Alentejo,Medicamentos usados no tratamento de intoxicações,24116.75
2016,Alentejo,Correctivos da volémia e das alterações electrolíticas,7675.82
2016,Algarve,Aparelho cardiovascular,10793602.04
2016,Algarve,Sistema nervoso central,9169508.01
2016,Algarve,Doenças Endócrinas,10779544.87
2016,Algarve,Aparelho locomotor,2140334.53
2016,Algarve,Aparelho digestivo,1273808.09
2016,Algarve,Medicamentos anti-infecciosos,1987335.53
2016,Algarve,Aparelho respiratório,2753117.87
2016,Algarve,Sangue,3723625.37
2016,Algarve,Medicamentos usados em afecções oculares,981624.06
2016,Algarve,Aparelho geniturinário,1035782.83
2016,Algarve,Medicação antialérgica,243385.57
2016,Algarve,Medicamentos usados em afecções cutâneas,458486.64
2016,Algarve,Medicamentos antineoplásicos e imunomoduladores,417330.63
2016,Algarve,Medicamentos usados em afecções otorrinolaringológicas,85880.14
2016,Algarve,Nutrição e metabolismo,64635.36
2016,Algarve,Vacinas e imunoglobulinas,78409.05
2016,Algarve,Medicamentos usados no tratamento de intoxicações,76362.50
2016,Algarve,Correctivos da volémia e das alterações electrolíticas,1839.87
2016,Lisboa e Vale do Tejo,Aparelho cardiovascular,89608604.02
2016,Lisboa e Vale do Tejo,Sistema nervoso central,89004031.54
2016,Lisboa e Vale do Tejo,Doenças Endócrinas,89998332.63
2016,Lisboa e Vale do Tejo,Aparelho locomotor,17924677.15
2016,Lisboa e Vale do Tejo,Aparelho digestivo,12648660.17
2016,Lisboa e Vale do Tejo,Medicamentos anti-infecciosos,16895948.74
2016,Lisboa e Vale do Tejo,Aparelho respiratório,30877878.28
2016,Lisboa e Vale do Tejo,Sangue,34286778.30
2016,Lisboa e Vale do Tejo,Medicamentos usados em afecções oculares,11391334.37
2016,Lisboa e Vale do Tejo,Aparelho geniturinário,7494757.69
2016,Lisboa e Vale do Tejo,Medicação antialérgica,2538316.64
2016,Lisboa e Vale do Tejo,Medicamentos usados em afecções cutâneas,4068458.48
2016,Lisboa e Vale do Tejo,Medicamentos antineoplásicos e imunomoduladores,3630423.68
2016,Lisboa e Vale do Tejo,Medicamentos usados em afecções otorrinolaringológicas,1326573.41
2016,Lisboa e Vale do Tejo,Nutrição e metabolismo,744646.14
2016,Lisboa e Vale do Tejo,Vacinas e imunoglobulinas,1039381.05
2016,Lisboa e Vale do Tejo,Medicamentos usados no tratamento de intoxicações,356331.50
2016,Lisboa e Vale do Tejo,Correctivos da volémia e das alterações electrolíticas,42088.19
2016,Centro,Aparelho cardiovascular,69195573.24
2016,Centro,Sistema nervoso central,61227431.14
2016,Centro,Doenças Endócrinas,70030062.11
2016,Centro,Aparelho locomotor,13795474.62
2016,Centro,Aparelho digestivo,8529599.14
2016,Centro,Medicamentos anti-infecciosos,10592703.56
2016,Centro,Aparelho respiratório,20211656.23
2016,Centro,Sangue,28580098.14
2016,Centro,Medicamentos usados em afecções oculares,7801510.22
2016,Centro,Aparelho geniturinário,7032752.00
2016,Centro,Medicação antialérgica,1306231.18
2016,Centro,Medicamentos usados em afecções cutâneas,2530984.02
2016,Centro,Medicamentos antineoplásicos e imunomoduladores,2017626.83
2016,Centro,Medicamentos usados em afecções otorrinolaringológicas,562197.65
2016,Centro,Nutrição e metabolismo,511454.52
2016,Centro,Vacinas e imunoglobulinas,536954.64
2016,Centro,Medicamentos usados no tratamento de intoxicações,171626.99
2016,Centro,Correctivos da volémia e das alterações electrolíticas,41678.68
2016,Norte,Aparelho cardiovascular,78080117.67
2016,Norte,Sistema nervoso central,71727818.09
2016,Norte,Doenças Endócrinas,91519956.25
2016,Norte,Aparelho locomotor,16786286.50
2016,Norte,Aparelho digestivo,12521817.78
2016,Norte,Medicamentos anti-infecciosos,15377701.39
2016,Norte,Aparelho respiratório,29499584.07
2016,Norte,Sangue,27447487.91
2016,Norte,Medicamentos usados em afecções oculares,8024068.41
2016,Norte,Aparelho geniturinário,7501628.88
2016,Norte,Medicação antialérgica,1891188.74
2016,Norte,Medicamentos usados em afecções cutâneas,3879040.57
2016,Norte,Medicamentos antineoplásicos e imunomoduladores,3130821.95
2016,Norte,Medicamentos usados em afecções otorrinolaringológicas,675528.39
2016,Norte,Nutrição e metabolismo,726030.99
2016,Norte,Vacinas e imunoglobulinas,982455.45
2016,Norte,Medicamentos usados no tratamento de intoxicações,44858.88
2016,Norte,Correctivos da volémia e das alterações electrolíticas,26659.15
2017,Alentejo,Aparelho cardiovascular,13282973.69
2017,Alentejo,Sistema nervoso central,12802196.49
2017,Alentejo,Doenças Endócrinas,12814787.78
2017,Alentejo,Aparelho locomotor,2050379.20
2017,Alentejo,Aparelho digestivo,1660860.34
2017,Alentejo,Medicamentos anti-infecciosos,1769128.41
2017,Alentejo,Aparelho respiratório,3232688.06
2017,Alentejo,Sangue,5057466.93
2017,Alentejo,Medicamentos usados em afecções oculares,1246573.07
2017,Alentejo,Aparelho geniturinário,1176436.72
2017,Alentejo,Medicação antialérgica,292961.07
2017,Alentejo,Medicamentos usados em afecções cutâneas,318636.40
2017,Alentejo,Medicamentos antineoplásicos e imunomoduladores,389563.36
2017,Alentejo,Medicamentos usados em afecções otorrinolaringológicas,97198.09
2017,Alentejo,Nutrição e metabolismo,86765.33
2017,Alentejo,Vacinas e imunoglobulinas,49274.99
2017,Alentejo,Medicamentos usados no tratamento de intoxicações,45927.48
2017,Alentejo,Correctivos da volémia e das alterações electrolíticas,7622.31
2017,Algarve,Aparelho cardiovascular,10061117.01
2017,Algarve,Sistema nervoso central,9418578.63
2017,Algarve,Doenças Endócrinas,11337330.02
2017,Algarve,Aparelho locomotor,1913646.54
2017,Algarve,Aparelho digestivo,1263199.22
2017,Algarve,Medicamentos anti-infecciosos,1892934.63
2017,Algarve,Aparelho respiratório,2736995.85
2017,Algarve,Sangue,4533453.77
2017,Algarve,Medicamentos usados em afecções oculares,1004316.31
2017,Algarve,Aparelho geniturinário,1046733.98
2017,Algarve,Medicação antialérgica,241610.39
2017,Algarve,Medicamentos usados em afecções cutâneas,450013.24
2017,Algarve,Medicamentos antineoplásicos e imunomoduladores,502051.39
2017,Algarve,Medicamentos usados em afecções otorrinolaringológicas,72816.25
2017,Algarve,Nutrição e metabolismo,89861.37
2017,Algarve,Vacinas e imunoglobulinas,63841.54
2017,Algarve,Medicamentos usados no tratamento de intoxicações,59885.58
2017,Algarve,Correctivos da volémia e das alterações electrolíticas,1761.32
2017,Lisboa e Vale do Tejo,Aparelho cardiovascular,84077089.25
2017,Lisboa e Vale do Tejo,Sistema nervoso central,89997702.54
2017,Lisboa e Vale do Tejo,Doenças Endócrinas,94772142.00
2017,Lisboa e Vale do Tejo,Aparelho locomotor,16148020.23
2017,Lisboa e Vale do Tejo,Aparelho digestivo,12465480.02
2017,Lisboa e Vale do Tejo,Medicamentos anti-infecciosos,15876054.12
2017,Lisboa e Vale do Tejo,Aparelho respiratório,31094101.44
2017,Lisboa e Vale do Tejo,Sangue,41321704.16
2017,Lisboa e Vale do Tejo,Medicamentos usados em afecções oculares,11603726.67
2017,Lisboa e Vale do Tejo,Aparelho geniturinário,7566441.62
2017,Lisboa e Vale do Tejo,Medicação antialérgica,2497318.22
2017,Lisboa e Vale do Tejo,Medicamentos usados em afecções cutâneas,4062733.99
2017,Lisboa e Vale do Tejo,Medicamentos antineoplásicos e imunomoduladores,4286205.01
2017,Lisboa e Vale do Tejo,Medicamentos usados em afecções otorrinolaringológicas,1178238.22
2017,Lisboa e Vale do Tejo,Nutrição e metabolismo,866506.87
2017,Lisboa e Vale do Tejo,Vacinas e imunoglobulinas,890468.26
2017,Lisboa e Vale do Tejo,Medicamentos usados no tratamento de intoxicações,359529.86
2017,Lisboa e Vale do Tejo,Correctivos da volémia e das alterações electrolíticas,37669.31
2017,Centro,Aparelho cardiovascular,66426193.28
2017,Centro,Sistema nervoso central,62847397.62
2017,Centro,Doenças Endócrinas,73721621.34
2017,Centro,Aparelho locomotor,12243353.05
2017,Centro,Aparelho digestivo,8635826.26
2017,Centro,Medicamentos anti-infecciosos,9934037.93
2017,Centro,Aparelho respiratório,20799475.09
2017,Centro,Sangue,34825078.83
2017,Centro,Medicamentos usados em afecções oculares,8015909.68
2017,Centro,Aparelho geniturinário,7261793.71
2017,Centro,Medicação antialérgica,1316380.08
2017,Centro,Medicamentos usados em afecções cutâneas,2576419.26
2017,Centro,Medicamentos antineoplásicos e imunomoduladores,2306629.97
2017,Centro,Medicamentos usados em afecções otorrinolaringológicas,521057.36
2017,Centro,Nutrição e metabolismo,633472.23
2017,Centro,Vacinas e imunoglobulinas,477597.01
2017,Centro,Medicamentos usados no tratamento de intoxicações,185429.86
2017,Centro,Correctivos da volémia e das alterações electrolíticas,40217.24
2017,Norte,Aparelho cardiovascular,74218068.57
2017,Norte,Sistema nervoso central,73719425.43
2017,Norte,Doenças Endócrinas,96732949.53
2017,Norte,Aparelho locomotor,15080957.06
2017,Norte,Aparelho digestivo,12672513.05
2017,Norte,Medicamentos anti-infecciosos,14780899.59
2017,Norte,Aparelho respiratório,30024422.76
2017,Norte,Sangue,33783015.22
2017,Norte,Medicamentos usados em afecções oculares,8228802.34
2017,Norte,Aparelho geniturinário,7567083.30
2017,Norte,Medicação antialérgica,1904787.54
2017,Norte,Medicamentos usados em afecções cutâneas,3907769.49
2017,Norte,Medicamentos antineoplásicos e imunomoduladores,3538587.29
2017,Norte,Medicamentos usados em afecções otorrinolaringológicas,627290.41
2017,Norte,Nutrição e metabolismo,866877.78
2017,Norte,Vacinas e imunoglobulinas,842747.36
2017,Norte,Medicamentos usados no tratamento de intoxicações,47732.44
2017,Norte,Correctivos da volémia e das alterações electrolíticas,28338.20
2018,Alentejo,Aparelho cardiovascular,13008390.98
2018,Alentejo,Sistema nervoso central,13767582.04
2018,Alentejo,Doenças Endócrinas,14800782.89
2018,Alentejo,Aparelho locomotor,2102571.07
2018,Alentejo,Aparelho digestivo,1817227.70
2018,Alentejo,Medicamentos anti-infecciosos,1854907.51
2018,Alentejo,Aparelho respiratório,3551406.93
2018,Alentejo,Sangue,6304683.88
2018,Alentejo,Medicamentos usados em afecções oculares,1344980.66
2018,Alentejo,Aparelho geniturinário,1229083.74
2018,Alentejo,Medicação antialérgica,338755.52
2018,Alentejo,Medicamentos usados em afecções cutâneas,360281.74
2018,Alentejo,Medicamentos antineoplásicos e imunomoduladores,301426.52
2018,Alentejo,Medicamentos usados em afecções otorrinolaringológicas,166848.92
2018,Alentejo,Nutrição e metabolismo,114533.94
2018,Alentejo,Vacinas e imunoglobulinas,148927.71
2018,Alentejo,Medicamentos usados no tratamento de intoxicações,52341.39
2018,Alentejo,Correctivos da volémia e das alterações electrolíticas,8235.54
2018,Algarve,Aparelho cardiovascular,9118055.46
2018,Algarve,Sistema nervoso central,9897038.50
2018,Algarve,Doenças Endócrinas,12467901.99
2018,Algarve,Aparelho locomotor,2010809.25
2018,Algarve,Aparelho digestivo,1297210.44
2018,Algarve,Medicamentos anti-infecciosos,1857540.62
2018,Algarve,Aparelho respiratório,2782242.46
2018,Algarve,Sangue,5396012.70
2018,Algarve,Medicamentos usados em afecções oculares,1066373.72
2018,Algarve,Aparelho geniturinário,1051450.92
2018,Algarve,Medicação antialérgica,254330.65
2018,Algarve,Medicamentos usados em afecções cutâneas,513551.78
2018,Algarve,Medicamentos antineoplásicos e imunomoduladores,327396.49
2018,Algarve,Medicamentos usados em afecções otorrinolaringológicas,162861.15
2018,Algarve,Nutrição e metabolismo,87195.81
2018,Algarve,Vacinas e imunoglobulinas,97852.29
2018,Algarve,Medicamentos usados no tratamento de intoxicações,107318.44
2018,Algarve,Correctivos da volémia e das alterações electrolíticas,1286.94
2018,Lisboa e Vale do Tejo,Aparelho cardiovascular,76849485.86
2018,Lisboa e Vale do Tejo,Sistema nervoso central,93205791.30
2018,Lisboa e Vale do Tejo,Doenças Endócrinas,105547724.60
2018,Lisboa e Vale do Tejo,Aparelho locomotor,16845763.20
2018,Lisboa e Vale do Tejo,Aparelho digestivo,12853434.85
2018,Lisboa e Vale do Tejo,Medicamentos anti-infecciosos,15753239.41
2018,Lisboa e Vale do Tejo,Aparelho respiratório,32000004.51
2018,Lisboa e Vale do Tejo,Sangue,48422712.97
2018,Lisboa e Vale do Tejo,Medicamentos usados em afecções oculares,12130855.66
2018,Lisboa e Vale do Tejo,Aparelho geniturinário,7739971.07
2018,Lisboa e Vale do Tejo,Medicação antialérgica,2685072.64
2018,Lisboa e Vale do Tejo,Medicamentos usados em afecções cutâneas,4451409.58
2018,Lisboa e Vale do Tejo,Medicamentos antineoplásicos e imunomoduladores,3094354.76
2018,Lisboa e Vale do Tejo,Medicamentos usados em afecções otorrinolaringológicas,2147502.43
2018,Lisboa e Vale do Tejo,Nutrição e metabolismo,861362.38
2018,Lisboa e Vale do Tejo,Vacinas e imunoglobulinas,1272479.22
2018,Lisboa e Vale do Tejo,Medicamentos usados no tratamento de intoxicações,461325.48
2018,Lisboa e Vale do Tejo,Correctivos da volémia e das alterações electrolíticas,34097.68
2018,Centro,Aparelho cardiovascular,56407865.55
2018,Centro,Sistema nervoso central,58595504.48
2018,Centro,Doenças Endócrinas,72016986.07
2018,Centro,Aparelho locomotor,10773611.84
2018,Centro,Aparelho digestivo,8048640.54
2018,Centro,Medicamentos anti-infecciosos,8676105.88
2018,Centro,Aparelho respiratório,19197855.35
2018,Centro,Sangue,37363321.03
2018,Centro,Medicamentos usados em afecções oculares,7730111.94
2018,Centro,Aparelho geniturinário,6692071.52
2018,Centro,Medicação antialérgica,1246998.95
2018,Centro,Medicamentos usados em afecções cutâneas,2476286.07
2018,Centro,Medicamentos antineoplásicos e imunomoduladores,1571268.63
2018,Centro,Medicamentos usados em afecções otorrinolaringológicas,841470.29
2018,Centro,Nutrição e metabolismo,606345.62
2018,Centro,Vacinas e imunoglobulinas,681873.29
2018,Centro,Medicamentos usados no tratamento de intoxicações,192211.74
2018,Centro,Correctivos da volémia e das alterações electrolíticas,31686.58
2018,Norte,Aparelho cardiovascular,72507230.80
2018,Norte,Sistema nervoso central,80297687.04
2018,Norte,Doenças Endócrinas,112675769.87
2018,Norte,Aparelho locomotor,15839692.44
2018,Norte,Aparelho digestivo,13819152.60
2018,Norte,Medicamentos anti-infecciosos,14922921.80
2018,Norte,Aparelho respiratório,32400530.75
2018,Norte,Sangue,42797373.02
2018,Norte,Medicamentos usados em afecções oculares,9070830.73
2018,Norte,Aparelho geniturinário,8072377.09
2018,Norte,Medicação antialérgica,2068517.79
2018,Norte,Medicamentos usados em afecções cutâneas,4447632.23
2018,Norte,Medicamentos antineoplásicos e imunomoduladores,2819104.26
2018,Norte,Medicamentos usados em afecções otorrinolaringológicas,1392838.83
2018,Norte,Nutrição e metabolismo,1037859.18
2018,Norte,Vacinas e imunoglobulinas,1355187.26
2018,Norte,Medicamentos usados no tratamento de intoxicações,81926.59
2018,Norte,Correctivos da volémia e das alterações electrolíticas,30472.51
2019,Alentejo,Aparelho cardiovascular,13883001.21
2019,Alentejo,Sistema nervoso central,15309705.30
2019,Alentejo,Doenças Endócrinas,17416955.48
2019,Alentejo,Aparelho locomotor,2260269.12
2019,Alentejo,Aparelho digestivo,1971527.48
2019,Alentejo,Medicamentos anti-infecciosos,1880032.43
2019,Alentejo,Aparelho respiratório,3954082.12
2019,Alentejo,Sangue,7660668.42
2019,Alentejo,Medicamentos usados em afecções oculares,1484083.47
2019,Alentejo,Aparelho geniturinário,1325671.71
2019,Alentejo,Medicação antialérgica,357301.09
2019,Alentejo,Medicamentos usados em afecções cutâneas,420653.56
2019,Alentejo,Medicamentos antineoplásicos e imunomoduladores,299471.81
2019,Alentejo,Medicamentos usados em afecções otorrinolaringológicas,180476.48
2019,Alentejo,Nutrição e metabolismo,126529.41
2019,Alentejo,Vacinas e imunoglobulinas,116920.41
2019,Alentejo,Medicamentos usados no tratamento de intoxicações,41573.81
2019,Alentejo,Correctivos da volémia e das alterações electrolíticas,6809.22
2019,Algarve,Aparelho cardiovascular,9059362.98
2019,Algarve,Sistema nervoso central,10504551.63
2019,Algarve,Doenças Endócrinas,13786397.77
2019,Algarve,Aparelho locomotor,2232008.28
2019,Algarve,Aparelho digestivo,1340133.68
2019,Algarve,Medicamentos anti-infecciosos,1834599.04
2019,Algarve,Aparelho respiratório,2915208.92
2019,Algarve,Sangue,6097629.24
2019,Algarve,Medicamentos usados em afecções oculares,1133675.70
2019,Algarve,Aparelho geniturinário,1094365.86
2019,Algarve,Medicação antialérgica,262016.93
2019,Algarve,Medicamentos usados em afecções cutâneas,549071.61
2019,Algarve,Medicamentos antineoplásicos e imunomoduladores,307595.83
2019,Algarve,Medicamentos usados em afecções otorrinolaringológicas,171544.09
2019,Algarve,Nutrição e metabolismo,91837.03
2019,Algarve,Vacinas e imunoglobulinas,124605.18
2019,Algarve,Medicamentos usados no tratamento de intoxicações,72211.84
2019,Algarve,Correctivos da volémia e das alterações electrolíticas,1147.22
2019,Lisboa e Vale do Tejo,Aparelho cardiovascular,77037422.56
2019,Lisboa e Vale do Tejo,Sistema nervoso central,98451827.05
2019,Lisboa e Vale do Tejo,Doenças Endócrinas,118594939.06
2019,Lisboa e Vale do Tejo,Aparelho locomotor,16812402.48
2019,Lisboa e Vale do Tejo,Aparelho digestivo,13349239.02
2019,Lisboa e Vale do Tejo,Medicamentos anti-infecciosos,15587702.75
2019,Lisboa e Vale do Tejo,Aparelho respiratório,34039902.07
2019,Lisboa e Vale do Tejo,Sangue,55097251.64
2019,Lisboa e Vale do Tejo,Medicamentos usados em afecções oculares,12418234.32
2019,Lisboa e Vale do Tejo,Aparelho geniturinário,8167837.60
2019,Lisboa e Vale do Tejo,Medicação antialérgica,2839952.97
2019,Lisboa e Vale do Tejo,Medicamentos usados em afecções cutâneas,4711914.80
2019,Lisboa e Vale do Tejo,Medicamentos antineoplásicos e imunomoduladores,3049490.54
2019,Lisboa e Vale do Tejo,Medicamentos usados em afecções otorrinolaringológicas,2250796.13
2019,Lisboa e Vale do Tejo,Nutrição e metabolismo,901026.43
2019,Lisboa e Vale do Tejo,Vacinas e imunoglobulinas,1683807.48
2019,Lisboa e Vale do Tejo,Medicamentos usados no tratamento de intoxicações,464066.78
2019,Lisboa e Vale do Tejo,Correctivos da volémia e das alterações electrolíticas,26339.95
2019,Centro,Aparelho cardiovascular,50564787.98
2019,Centro,Sistema nervoso central,54736062.74
2019,Centro,Doenças Endócrinas,69664095.99
2019,Centro,Aparelho locomotor,9509883.55
2019,Centro,Aparelho digestivo,7351637.14
2019,Centro,Medicamentos anti-infecciosos,7327996.64
2019,Centro,Aparelho respiratório,17632883.76
2019,Centro,Sangue,38146449.28
2019,Centro,Medicamentos usados em afecções oculares,7155174.08
2019,Centro,Aparelho geniturinário,6274856.95
2019,Centro,Medicação antialérgica,1119373.90
2019,Centro,Medicamentos usados em afecções cutâneas,2266594.73
2019,Centro,Medicamentos antineoplásicos e imunomoduladores,1293693.74
2019,Centro,Medicamentos usados em afecções otorrinolaringológicas,791650.31
2019,Centro,Nutrição e metabolismo,567005.77
2019,Centro,Vacinas e imunoglobulinas,849236.23
2019,Centro,Medicamentos usados no tratamento de intoxicações,195739.62
2019,Centro,Correctivos da volémia e das alterações electrolíticas,20724.72
2019,Norte,Aparelho cardiovascular,76574285.81
2019,Norte,Sistema nervoso central,89088124.14
2019,Norte,Doenças Endócrinas,132022022.81
2019,Norte,Aparelho locomotor,16671384.63
2019,Norte,Aparelho digestivo,14905681.52
2019,Norte,Medicamentos anti-infecciosos,15492456.03
2019,Norte,Aparelho respiratório,35828185.15
2019,Norte,Sangue,52074571.13
2019,Norte,Medicamentos usados em afecções oculares,9691323.11
2019,Norte,Aparelho geniturinário,8923977.07
2019,Norte,Medicação antialérgica,2277583.98
2019,Norte,Medicamentos usados em afecções cutâneas,4893321.35
2019,Norte,Medicamentos antineoplásicos e imunomoduladores,2845061.84
2019,Norte,Medicamentos usados em afecções otorrinolaringológicas,1553699.59
2019,Norte,Nutrição e metabolismo,1102664.10
2019,Norte,Vacinas e imunoglobulinas,1869399.43
2019,Norte,Medicamentos usados no tratamento de intoxicações,158677.40
2019,Norte,Correctivos da volémia e das alterações electrolíticas,27924.29
2020,Alentejo,Aparelho cardiovascular,12599760.49
2020,Alentejo,Sistema nervoso central,13984996.10
2020,Alentejo,Doenças Endócrinas,16327284.40
2020,Alentejo,Aparelho locomotor,1773381.11
2020,Alentejo,Aparelho digestivo,1718527.06
2020,Alentejo,Medicamentos anti-infecciosos,1270512.19
2020,Alentejo,Aparelho respiratório,3458230.38
2020,Alentejo,Sangue,7085068.63
2020,Alentejo,Medicamentos usados em afecções oculares,1233431.53
2020,Alentejo,Aparelho geniturinário,989789.18
2020,Alentejo,Medicação antialérgica,261953.09
2020,Alentejo,Medicamentos usados em afecções cutâneas,338783.16
2020,Alentejo,Medicamentos antineoplásicos e imunomoduladores,259366.59
2020,Alentejo,Medicamentos usados em afecções otorrinolaringológicas,126586.77
2020,Alentejo,Nutrição e metabolismo,119377.22
2020,Alentejo,Vacinas e imunoglobulinas,165284.55
2020,Alentejo,Medicamentos usados no tratamento de intoxicações,24072.98
2020,Alentejo,Correctivos da volémia e das alterações electrolíticas,5042.16
2020,Algarve,Aparelho cardiovascular,9680472.33
2020,Algarve,Sistema nervoso central,10992017.67
2020,Algarve,Doenças Endócrinas,14934058.40
2020,Algarve,Aparelho locomotor,2091501.89
2020,Algarve,Aparelho digestivo,1347391.83
2020,Algarve,Medicamentos anti-infecciosos,1468842.41
2020,Algarve,Aparelho respiratório,3019767.97
2020,Algarve,Sangue,6565583.34
2020,Algarve,Medicamentos usados em afecções oculares,1113489.30
2020,Algarve,Aparelho geniturinário,914494.79
2020,Algarve,Medicação antialérgica,215107.47
2020,Algarve,Medicamentos usados em afecções cutâneas,492345.38
2020,Algarve,Medicamentos antineoplásicos e imunomoduladores,326953.03
2020,Algarve,Medicamentos usados em afecções otorrinolaringológicas,145183.93
2020,Algarve,Nutrição e metabolismo,101694.70
2020,Algarve,Vacinas e imunoglobulinas,207727.93
2020,Algarve,Medicamentos usados no tratamento de intoxicações,91978.25
2020,Algarve,Correctivos da volémia e das alterações electrolíticas,870.97
2020,Lisboa e Vale do Tejo,Aparelho cardiovascular,77862145.80
2020,Lisboa e Vale do Tejo,Sistema nervoso central,98767871.43
2020,Lisboa e Vale do Tejo,Doenças Endócrinas,123770857.33
2020,Lisboa e Vale do Tejo,Aparelho locomotor,13580678.00
2020,Lisboa e Vale do Tejo,Aparelho digestivo,12790875.68
2020,Lisboa e Vale do Tejo,Medicamentos anti-infecciosos,11675640.99
2020,Lisboa e Vale do Tejo,Aparelho respiratório,34342979.11
2020,Lisboa e Vale do Tejo,Sangue,54949756.56
2020,Lisboa e Vale do Tejo,Medicamentos usados em afecções oculares,11435535.12
2020,Lisboa e Vale do Tejo,Aparelho geniturinário,6672886.24
2020,Lisboa e Vale do Tejo,Medicação antialérgica,2260132.10
2020,Lisboa e Vale do Tejo,Medicamentos usados em afecções cutâneas,4215133.80
2020,Lisboa e Vale do Tejo,Medicamentos antineoplásicos e imunomoduladores,2871567.59
2020,Lisboa e Vale do Tejo,Medicamentos usados em afecções otorrinolaringológicas,1782336.75
2020,Lisboa e Vale do Tejo,Nutrição e metabolismo,899038.20
2020,Lisboa e Vale do Tejo,Vacinas e imunoglobulinas,2390674.14
2020,Lisboa e Vale do Tejo,Medicamentos usados no tratamento de intoxicações,524930.02
2020,Lisboa e Vale do Tejo,Correctivos da volémia e das alterações electrolíticas,26808.36
2020,Centro,Aparelho cardiovascular,65118515.67
2020,Centro,Sistema nervoso central,70262002.47
2020,Centro,Doenças Endócrinas,94509559.18
2020,Centro,Aparelho locomotor,10084727.31
2020,Centro,Aparelho digestivo,9237639.76
2020,Centro,Medicamentos anti-infecciosos,7316098.37
2020,Centro,Aparelho respiratório,23009954.66
2020,Centro,Sangue,48305270.69
2020,Centro,Medicamentos usados em afecções oculares,8340715.62
2020,Centro,Aparelho geniturinário,6619042.72
2020,Centro,Medicação antialérgica,1124023.00
2020,Centro,Medicamentos usados em afecções cutâneas,2641551.02
2020,Centro,Medicamentos antineoplásicos e imunomoduladores,1601653.35
2020,Centro,Medicamentos usados em afecções otorrinolaringológicas,795123.46
2020,Centro,Nutrição e metabolismo,720491.01
2020,Centro,Vacinas e imunoglobulinas,1717199.04
2020,Centro,Medicamentos usados no tratamento de intoxicações,249862.54
2020,Centro,Correctivos da volémia e das alterações electrolíticas,24945.15
2020,Norte,Aparelho cardiovascular,72359896.61
2020,Norte,Sistema nervoso central,82054608.36
2020,Norte,Doenças Endócrinas,128740888.59
2020,Norte,Aparelho locomotor,12685806.41
2020,Norte,Aparelho digestivo,13341534.71
2020,Norte,Medicamentos anti-infecciosos,10903164.10
2020,Norte,Aparelho respiratório,33543905.08
2020,Norte,Sangue,49292507.10
2020,Norte,Medicamentos usados em afecções oculares,8486871.97
2020,Norte,Aparelho geniturinário,7073932.06
2020,Norte,Medicação antialérgica,1620881.21
2020,Norte,Medicamentos usados em afecções cutâneas,3997667.19
2020,Norte,Medicamentos antineoplásicos e imunomoduladores,2380768.32
2020,Norte,Medicamentos usados em afecções otorrinolaringológicas,1191480.87
2020,Norte,Nutrição e metabolismo,1062686.25
2020,Norte,Vacinas e imunoglobulinas,2442836.15
2020,Norte,Medicamentos usados no tratamento de intoxicações,157269.77
2020,Norte,Correctivos da volémia e das alterações electrolíticas,23403.36
2021,Alentejo,Aparelho cardiovascular,12680403.76
2021,Alentejo,Sistema nervoso central,14102357.43
2021,Alentejo,Doenças Endócrinas,17390372.19
2021,Alentejo,Aparelho locomotor,1931347.14
2021,Alentejo,Aparelho digestivo,1744066.53
2021,Alentejo,Medicamentos anti-infecciosos,1256060.51
2021,Alentejo,Aparelho respiratório,3250743.60
2021,Alentejo,Sangue,7370008.06
2021,Alentejo,Medicamentos usados em afecções oculares,1180827.39
2021,Alentejo,Aparelho geniturinário,825355.86
2021,Alentejo,Medicação antialérgica,266694.93
2021,Alentejo,Medicamentos usados em afecções cutâneas,340586.68
2021,Alentejo,Medicamentos antineoplásicos e imunomoduladores,242368.02
2021,Alentejo,Medicamentos usados em afecções otorrinolaringológicas,154678.52
2021,Alentejo,Nutrição e metabolismo,154651.26
2021,Alentejo,Vacinas e imunoglobulinas,124010.34
2021,Alentejo,Medicamentos usados no tratamento de intoxicações,64981.78
2021,Alentejo,Correctivos da volémia e das alterações electrolíticas,5328.52
2021,Algarve,Aparelho cardiovascular,10298353.56
2021,Algarve,Sistema nervoso central,11657667.48
2021,Algarve,Doenças Endócrinas,16340065.88
2021,Algarve,Aparelho locomotor,2240325.35
2021,Algarve,Aparelho digestivo,1409831.26
2021,Algarve,Medicamentos anti-infecciosos,1517427.67
2021,Algarve,Aparelho respiratório,2969336.01
2021,Algarve,Sangue,7055520.38
2021,Algarve,Medicamentos usados em afecções oculares,1123923.47
2021,Algarve,Aparelho geniturinário,791077.31
2021,Algarve,Medicação antialérgica,240034.42
2021,Algarve,Medicamentos usados em afecções cutâneas,516117.97
2021,Algarve,Medicamentos antineoplásicos e imunomoduladores,304120.27
2021,Algarve,Medicamentos usados em afecções otorrinolaringológicas,177388.53
2021,Algarve,Nutrição e metabolismo,124168.08
2021,Algarve,Vacinas e imunoglobulinas,147293.06
2021,Algarve,Medicamentos usados no tratamento de intoxicações,155591.24
2021,Algarve,Correctivos da volémia e das alterações electrolíticas,2210.64
2021,Lisboa e Vale do Tejo,Aparelho cardiovascular,81315483.50
2021,Lisboa e Vale do Tejo,Sistema nervoso central,101559062.59
2021,Lisboa e Vale do Tejo,Doenças Endócrinas,135243520.68
2021,Lisboa e Vale do Tejo,Aparelho locomotor,14517861.27
2021,Lisboa e Vale do Tejo,Aparelho digestivo,13193799.11
2021,Lisboa e Vale do Tejo,Medicamentos anti-infecciosos,12072372.37
2021,Lisboa e Vale do Tejo,Aparelho respiratório,33366911.18
2021,Lisboa e Vale do Tejo,Sangue,58650503.30
2021,Lisboa e Vale do Tejo,Medicamentos usados em afecções oculares,11546203.54
2021,Lisboa e Vale do Tejo,Aparelho geniturinário,5982281.59
2021,Lisboa e Vale do Tejo,Medicação antialérgica,2465163.52
2021,Lisboa e Vale do Tejo,Medicamentos usados em afecções cutâneas,4439789.55
2021,Lisboa e Vale do Tejo,Medicamentos antineoplásicos e imunomoduladores,2777530.02
2021,Lisboa e Vale do Tejo,Medicamentos usados em afecções otorrinolaringológicas,2085350.95
2021,Lisboa e Vale do Tejo,Nutrição e metabolismo,1135192.21
2021,Lisboa e Vale do Tejo,Vacinas e imunoglobulinas,1919785.25
2021,Lisboa e Vale do Tejo,Medicamentos usados no tratamento de intoxicações,491345.18
2021,Lisboa e Vale do Tejo,Correctivos da volémia e das alterações electrolíticas,32419.43
2021,Centro,Aparelho cardiovascular,68031213.70
2021,Centro,Sistema nervoso central,72526531.53
2021,Centro,Doenças Endócrinas,102347287.38
2021,Centro,Aparelho locomotor,10953952.65
2021,Centro,Aparelho digestivo,9499528.17
2021,Centro,Medicamentos anti-infecciosos,7411614.39
2021,Centro,Aparelho respiratório,22167955.38
2021,Centro,Sangue,51349098.14
2021,Centro,Medicamentos usados em afecções oculares,8322381.91
2021,Centro,Aparelho geniturinário,5919606.12
2021,Centro,Medicação antialérgica,1201606.19
2021,Centro,Medicamentos usados em afecções cutâneas,2792252.96
2021,Centro,Medicamentos antineoplásicos e imunomoduladores,1494340.70
2021,Centro,Medicamentos usados em afecções otorrinolaringológicas,948670.82
2021,Centro,Nutrição e metabolismo,888549.75
2021,Centro,Vacinas e imunoglobulinas,1278827.45
2021,Centro,Medicamentos usados no tratamento de intoxicações,225816.70
2021,Centro,Correctivos da volémia e das alterações electrolíticas,41455.47
2021,Norte,Aparelho cardiovascular,77044757.64
2021,Norte,Sistema nervoso central,85198883.42
2021,Norte,Doenças Endócrinas,143279636.37
2021,Norte,Aparelho locomotor,14077444.96
2021,Norte,Aparelho digestivo,13835978.42
2021,Norte,Medicamentos anti-infecciosos,11337795.85
2021,Norte,Aparelho respiratório,32856988.64
2021,Norte,Sangue,53711426.06
2021,Norte,Medicamentos usados em afecções oculares,8567028.18
2021,Norte,Aparelho geniturinário,6586214.26
2021,Norte,Medicação antialérgica,1771579.35
2021,Norte,Medicamentos usados em afecções cutâneas,4280656.05
2021,Norte,Medicamentos antineoplásicos e imunomoduladores,2210346.62
2021,Norte,Medicamentos usados em afecções otorrinolaringológicas,1485383.93
2021,Norte,Nutrição e metabolismo,1360205.99
2021,Norte,Vacinas e imunoglobulinas,2036291.98
2021,Norte,Medicamentos usados no tratamento de intoxicações,192171.11
2021,Norte,Correctivos da volémia e das alterações electrolíticas,38752.65